subject	word	time	count
Donald Trump	ass	2016-10-10T00:45:00Z	3
Donald Trump	ass	2016-10-10T00:46:00Z	2
Donald Trump	ass	2016-10-10T00:47:00Z	0
Donald Trump	ass	2016-10-10T00:48:00Z	2
Donald Trump	ass	2016-10-10T00:49:00Z	8
Donald Trump	ass	2016-10-10T00:50:00Z	4
Donald Trump	ass	2016-10-10T00:51:00Z	3
Donald Trump	ass	2016-10-10T00:52:00Z	2
Donald Trump	ass	2016-10-10T00:53:00Z	6
Donald Trump	ass	2016-10-10T00:54:00Z	3
Donald Trump	ass	2016-10-10T00:55:00Z	6
Donald Trump	ass	2016-10-10T00:56:00Z	3
Donald Trump	ass	2016-10-10T00:57:00Z	4
Donald Trump	ass	2016-10-10T00:58:00Z	4
Donald Trump	ass	2016-10-10T00:59:00Z	3
Donald Trump	ass	2016-10-10T01:00:00Z	1
Donald Trump	ass	2016-10-10T01:01:00Z	11
Donald Trump	ass	2016-10-10T01:02:00Z	5
Donald Trump	ass	2016-10-10T01:03:00Z	3
Donald Trump	ass	2016-10-10T01:04:00Z	5
Donald Trump	ass	2016-10-10T01:05:00Z	7
Donald Trump	ass	2016-10-10T01:06:00Z	3
Donald Trump	ass	2016-10-10T01:07:00Z	1
Donald Trump	ass	2016-10-10T01:08:00Z	3
Donald Trump	ass	2016-10-10T01:09:00Z	2
Donald Trump	ass	2016-10-10T01:10:00Z	5
Donald Trump	ass	2016-10-10T01:11:00Z	6
Donald Trump	ass	2016-10-10T01:12:00Z	11
Donald Trump	ass	2016-10-10T01:13:00Z	10
Donald Trump	ass	2016-10-10T01:14:00Z	13
Donald Trump	ass	2016-10-10T01:15:00Z	10
Donald Trump	ass	2016-10-10T01:16:00Z	7
Donald Trump	ass	2016-10-10T01:17:00Z	10
Donald Trump	ass	2016-10-10T01:18:00Z	12
Donald Trump	ass	2016-10-10T01:19:00Z	16
Donald Trump	ass	2016-10-10T01:20:00Z	11
Donald Trump	ass	2016-10-10T01:21:00Z	8
Donald Trump	ass	2016-10-10T01:22:00Z	29
Donald Trump	ass	2016-10-10T01:23:00Z	16
Donald Trump	ass	2016-10-10T01:24:00Z	20
Donald Trump	ass	2016-10-10T01:25:00Z	12
Donald Trump	ass	2016-10-10T01:26:00Z	7
Donald Trump	ass	2016-10-10T01:27:00Z	16
Donald Trump	ass	2016-10-10T01:28:00Z	18
Donald Trump	ass	2016-10-10T01:29:00Z	27
Donald Trump	ass	2016-10-10T01:30:00Z	15
Donald Trump	ass	2016-10-10T01:31:00Z	13
Donald Trump	ass	2016-10-10T01:32:00Z	15
Donald Trump	ass	2016-10-10T01:33:00Z	9
Donald Trump	ass	2016-10-10T01:34:00Z	14
Donald Trump	ass	2016-10-10T01:35:00Z	17
Donald Trump	ass	2016-10-10T01:36:00Z	16
Donald Trump	ass	2016-10-10T01:37:00Z	10
Donald Trump	ass	2016-10-10T01:38:00Z	8
Donald Trump	ass	2016-10-10T01:39:00Z	11
Donald Trump	ass	2016-10-10T01:40:00Z	8
Donald Trump	ass	2016-10-10T01:41:00Z	4
Donald Trump	ass	2016-10-10T01:42:00Z	10
Donald Trump	ass	2016-10-10T01:43:00Z	8
Donald Trump	ass	2016-10-10T01:44:00Z	13
Donald Trump	ass	2016-10-10T01:45:00Z	5
Donald Trump	ass	2016-10-10T01:46:00Z	15
Donald Trump	ass	2016-10-10T01:47:00Z	13
Donald Trump	ass	2016-10-10T01:48:00Z	17
Donald Trump	ass	2016-10-10T01:49:00Z	13
Donald Trump	ass	2016-10-10T01:50:00Z	16
Donald Trump	ass	2016-10-10T01:51:00Z	9
Donald Trump	ass	2016-10-10T01:52:00Z	11
Donald Trump	ass	2016-10-10T01:53:00Z	10
Donald Trump	ass	2016-10-10T01:54:00Z	7
Donald Trump	ass	2016-10-10T01:55:00Z	8
Donald Trump	ass	2016-10-10T01:56:00Z	8
Donald Trump	ass	2016-10-10T01:57:00Z	14
Donald Trump	ass	2016-10-10T01:58:00Z	8
Donald Trump	ass	2016-10-10T01:59:00Z	12
Donald Trump	ass	2016-10-10T02:00:00Z	17
Donald Trump	ass	2016-10-10T02:01:00Z	15
Donald Trump	ass	2016-10-10T02:02:00Z	9
Donald Trump	ass	2016-10-10T02:03:00Z	8
Donald Trump	ass	2016-10-10T02:04:00Z	12
Donald Trump	ass	2016-10-10T02:05:00Z	6
Donald Trump	ass	2016-10-10T02:06:00Z	6
Donald Trump	ass	2016-10-10T02:07:00Z	10
Donald Trump	ass	2016-10-10T02:08:00Z	15
Donald Trump	ass	2016-10-10T02:09:00Z	4
Donald Trump	ass	2016-10-10T02:10:00Z	5
Donald Trump	ass	2016-10-10T02:11:00Z	12
Donald Trump	ass	2016-10-10T02:12:00Z	21
Donald Trump	ass	2016-10-10T02:13:00Z	19
Donald Trump	ass	2016-10-10T02:14:00Z	11
Donald Trump	ass	2016-10-10T02:15:00Z	13
Donald Trump	ass	2016-10-10T02:16:00Z	19
Donald Trump	ass	2016-10-10T02:17:00Z	9
Donald Trump	ass	2016-10-10T02:18:00Z	10
Donald Trump	ass	2016-10-10T02:19:00Z	9
Donald Trump	ass	2016-10-10T02:20:00Z	9
Donald Trump	ass	2016-10-10T02:21:00Z	5
Donald Trump	ass	2016-10-10T02:22:00Z	12
Donald Trump	ass	2016-10-10T02:23:00Z	10
Donald Trump	ass	2016-10-10T02:24:00Z	11
Donald Trump	ass	2016-10-10T02:25:00Z	11
Donald Trump	ass	2016-10-10T02:26:00Z	13
Donald Trump	ass	2016-10-10T02:27:00Z	8
Donald Trump	ass	2016-10-10T02:28:00Z	6
Donald Trump	ass	2016-10-10T02:29:00Z	13
Donald Trump	ass	2016-10-10T02:30:00Z	12
Donald Trump	ass	2016-10-10T02:31:00Z	11
Donald Trump	ass	2016-10-10T02:32:00Z	10
Donald Trump	ass	2016-10-10T02:33:00Z	12
Donald Trump	ass	2016-10-10T02:34:00Z	9
Donald Trump	ass	2016-10-10T02:35:00Z	7
Donald Trump	ass	2016-10-10T02:36:00Z	10
Donald Trump	ass	2016-10-10T02:37:00Z	7
Donald Trump	ass	2016-10-10T02:38:00Z	4
Donald Trump	ass	2016-10-10T02:39:00Z	10
Donald Trump	ass	2016-10-10T02:40:00Z	10
Donald Trump	ass	2016-10-10T02:41:00Z	15
Donald Trump	ass	2016-10-10T02:42:00Z	9
Donald Trump	ass	2016-10-10T02:43:00Z	9
Donald Trump	ass	2016-10-10T02:44:00Z	14
Donald Trump	ass	2016-10-10T02:45:00Z	0
Donald Trump	bitch	2016-10-10T00:45:00Z	9
Donald Trump	bitch	2016-10-10T00:46:00Z	4
Donald Trump	bitch	2016-10-10T00:47:00Z	3
Donald Trump	bitch	2016-10-10T00:48:00Z	4
Donald Trump	bitch	2016-10-10T00:49:00Z	2
Donald Trump	bitch	2016-10-10T00:50:00Z	4
Donald Trump	bitch	2016-10-10T00:51:00Z	1
Donald Trump	bitch	2016-10-10T00:52:00Z	5
Donald Trump	bitch	2016-10-10T00:53:00Z	0
Donald Trump	bitch	2016-10-10T00:54:00Z	4
Donald Trump	bitch	2016-10-10T00:55:00Z	5
Donald Trump	bitch	2016-10-10T00:56:00Z	3
Donald Trump	bitch	2016-10-10T00:57:00Z	5
Donald Trump	bitch	2016-10-10T00:58:00Z	4
Donald Trump	bitch	2016-10-10T00:59:00Z	3
Donald Trump	bitch	2016-10-10T01:00:00Z	2
Donald Trump	bitch	2016-10-10T01:01:00Z	2
Donald Trump	bitch	2016-10-10T01:02:00Z	5
Donald Trump	bitch	2016-10-10T01:03:00Z	5
Donald Trump	bitch	2016-10-10T01:04:00Z	2
Donald Trump	bitch	2016-10-10T01:05:00Z	7
Donald Trump	bitch	2016-10-10T01:06:00Z	4
Donald Trump	bitch	2016-10-10T01:07:00Z	5
Donald Trump	bitch	2016-10-10T01:08:00Z	1
Donald Trump	bitch	2016-10-10T01:09:00Z	6
Donald Trump	bitch	2016-10-10T01:10:00Z	3
Donald Trump	bitch	2016-10-10T01:11:00Z	9
Donald Trump	bitch	2016-10-10T01:12:00Z	7
Donald Trump	bitch	2016-10-10T01:13:00Z	5
Donald Trump	bitch	2016-10-10T01:14:00Z	3
Donald Trump	bitch	2016-10-10T01:15:00Z	2
Donald Trump	bitch	2016-10-10T01:16:00Z	8
Donald Trump	bitch	2016-10-10T01:17:00Z	3
Donald Trump	bitch	2016-10-10T01:18:00Z	8
Donald Trump	bitch	2016-10-10T01:19:00Z	8
Donald Trump	bitch	2016-10-10T01:20:00Z	11
Donald Trump	bitch	2016-10-10T01:21:00Z	3
Donald Trump	bitch	2016-10-10T01:22:00Z	8
Donald Trump	bitch	2016-10-10T01:23:00Z	12
Donald Trump	bitch	2016-10-10T01:24:00Z	9
Donald Trump	bitch	2016-10-10T01:25:00Z	8
Donald Trump	bitch	2016-10-10T01:26:00Z	12
Donald Trump	bitch	2016-10-10T01:27:00Z	13
Donald Trump	bitch	2016-10-10T01:28:00Z	9
Donald Trump	bitch	2016-10-10T01:29:00Z	34
Donald Trump	bitch	2016-10-10T01:30:00Z	25
Donald Trump	bitch	2016-10-10T01:31:00Z	18
Donald Trump	bitch	2016-10-10T01:32:00Z	10
Donald Trump	bitch	2016-10-10T01:33:00Z	9
Donald Trump	bitch	2016-10-10T01:34:00Z	13
Donald Trump	bitch	2016-10-10T01:35:00Z	7
Donald Trump	bitch	2016-10-10T01:36:00Z	8
Donald Trump	bitch	2016-10-10T01:37:00Z	7
Donald Trump	bitch	2016-10-10T01:38:00Z	3
Donald Trump	bitch	2016-10-10T01:39:00Z	5
Donald Trump	bitch	2016-10-10T01:40:00Z	8
Donald Trump	bitch	2016-10-10T01:41:00Z	4
Donald Trump	bitch	2016-10-10T01:42:00Z	8
Donald Trump	bitch	2016-10-10T01:43:00Z	7
Donald Trump	bitch	2016-10-10T01:44:00Z	11
Donald Trump	bitch	2016-10-10T01:45:00Z	8
Donald Trump	bitch	2016-10-10T01:46:00Z	10
Donald Trump	bitch	2016-10-10T01:47:00Z	12
Donald Trump	bitch	2016-10-10T01:48:00Z	14
Donald Trump	bitch	2016-10-10T01:49:00Z	10
Donald Trump	bitch	2016-10-10T01:50:00Z	16
Donald Trump	bitch	2016-10-10T01:51:00Z	12
Donald Trump	bitch	2016-10-10T01:52:00Z	9
Donald Trump	bitch	2016-10-10T01:53:00Z	11
Donald Trump	bitch	2016-10-10T01:54:00Z	6
Donald Trump	bitch	2016-10-10T01:55:00Z	8
Donald Trump	bitch	2016-10-10T01:56:00Z	10
Donald Trump	bitch	2016-10-10T01:57:00Z	9
Donald Trump	bitch	2016-10-10T01:58:00Z	12
Donald Trump	bitch	2016-10-10T01:59:00Z	7
Donald Trump	bitch	2016-10-10T02:00:00Z	12
Donald Trump	bitch	2016-10-10T02:01:00Z	4
Donald Trump	bitch	2016-10-10T02:02:00Z	5
Donald Trump	bitch	2016-10-10T02:03:00Z	4
Donald Trump	bitch	2016-10-10T02:04:00Z	8
Donald Trump	bitch	2016-10-10T02:05:00Z	8
Donald Trump	bitch	2016-10-10T02:06:00Z	8
Donald Trump	bitch	2016-10-10T02:07:00Z	2
Donald Trump	bitch	2016-10-10T02:08:00Z	7
Donald Trump	bitch	2016-10-10T02:09:00Z	8
Donald Trump	bitch	2016-10-10T02:10:00Z	6
Donald Trump	bitch	2016-10-10T02:11:00Z	4
Donald Trump	bitch	2016-10-10T02:12:00Z	8
Donald Trump	bitch	2016-10-10T02:13:00Z	9
Donald Trump	bitch	2016-10-10T02:14:00Z	22
Donald Trump	bitch	2016-10-10T02:15:00Z	14
Donald Trump	bitch	2016-10-10T02:16:00Z	17
Donald Trump	bitch	2016-10-10T02:17:00Z	10
Donald Trump	bitch	2016-10-10T02:18:00Z	9
Donald Trump	bitch	2016-10-10T02:19:00Z	5
Donald Trump	bitch	2016-10-10T02:20:00Z	12
Donald Trump	bitch	2016-10-10T02:21:00Z	10
Donald Trump	bitch	2016-10-10T02:22:00Z	7
Donald Trump	bitch	2016-10-10T02:23:00Z	5
Donald Trump	bitch	2016-10-10T02:24:00Z	8
Donald Trump	bitch	2016-10-10T02:25:00Z	16
Donald Trump	bitch	2016-10-10T02:26:00Z	5
Donald Trump	bitch	2016-10-10T02:27:00Z	8
Donald Trump	bitch	2016-10-10T02:28:00Z	9
Donald Trump	bitch	2016-10-10T02:29:00Z	9
Donald Trump	bitch	2016-10-10T02:30:00Z	8
Donald Trump	bitch	2016-10-10T02:31:00Z	4
Donald Trump	bitch	2016-10-10T02:32:00Z	1
Donald Trump	bitch	2016-10-10T02:33:00Z	9
Donald Trump	bitch	2016-10-10T02:34:00Z	11
Donald Trump	bitch	2016-10-10T02:35:00Z	3
Donald Trump	bitch	2016-10-10T02:36:00Z	8
Donald Trump	bitch	2016-10-10T02:37:00Z	8
Donald Trump	bitch	2016-10-10T02:38:00Z	2
Donald Trump	bitch	2016-10-10T02:39:00Z	5
Donald Trump	bitch	2016-10-10T02:40:00Z	10
Donald Trump	bitch	2016-10-10T02:41:00Z	5
Donald Trump	bitch	2016-10-10T02:42:00Z	11
Donald Trump	bitch	2016-10-10T02:43:00Z	7
Donald Trump	bitch	2016-10-10T02:44:00Z	15
Donald Trump	bitch	2016-10-10T02:45:00Z	0
Donald Trump	damn	2016-10-10T00:45:00Z	13
Donald Trump	damn	2016-10-10T00:46:00Z	9
Donald Trump	damn	2016-10-10T00:47:00Z	11
Donald Trump	damn	2016-10-10T00:48:00Z	11
Donald Trump	damn	2016-10-10T00:49:00Z	9
Donald Trump	damn	2016-10-10T00:50:00Z	6
Donald Trump	damn	2016-10-10T00:51:00Z	9
Donald Trump	damn	2016-10-10T00:52:00Z	12
Donald Trump	damn	2016-10-10T00:53:00Z	9
Donald Trump	damn	2016-10-10T00:54:00Z	13
Donald Trump	damn	2016-10-10T00:55:00Z	7
Donald Trump	damn	2016-10-10T00:56:00Z	6
Donald Trump	damn	2016-10-10T00:57:00Z	6
Donald Trump	damn	2016-10-10T00:58:00Z	8
Donald Trump	damn	2016-10-10T00:59:00Z	5
Donald Trump	damn	2016-10-10T01:00:00Z	4
Donald Trump	damn	2016-10-10T01:01:00Z	7
Donald Trump	damn	2016-10-10T01:02:00Z	9
Donald Trump	damn	2016-10-10T01:03:00Z	5
Donald Trump	damn	2016-10-10T01:04:00Z	8
Donald Trump	damn	2016-10-10T01:05:00Z	4
Donald Trump	damn	2016-10-10T01:06:00Z	5
Donald Trump	damn	2016-10-10T01:07:00Z	6
Donald Trump	damn	2016-10-10T01:08:00Z	6
Donald Trump	damn	2016-10-10T01:09:00Z	8
Donald Trump	damn	2016-10-10T01:10:00Z	16
Donald Trump	damn	2016-10-10T01:11:00Z	11
Donald Trump	damn	2016-10-10T01:12:00Z	18
Donald Trump	damn	2016-10-10T01:13:00Z	10
Donald Trump	damn	2016-10-10T01:14:00Z	13
Donald Trump	damn	2016-10-10T01:15:00Z	7
Donald Trump	damn	2016-10-10T01:16:00Z	2
Donald Trump	damn	2016-10-10T01:17:00Z	12
Donald Trump	damn	2016-10-10T01:18:00Z	11
Donald Trump	damn	2016-10-10T01:19:00Z	2
Donald Trump	damn	2016-10-10T01:20:00Z	4
Donald Trump	damn	2016-10-10T01:21:00Z	11
Donald Trump	damn	2016-10-10T01:22:00Z	12
Donald Trump	damn	2016-10-10T01:23:00Z	13
Donald Trump	damn	2016-10-10T01:24:00Z	8
Donald Trump	damn	2016-10-10T01:25:00Z	4
Donald Trump	damn	2016-10-10T01:26:00Z	9
Donald Trump	damn	2016-10-10T01:27:00Z	8
Donald Trump	damn	2016-10-10T01:28:00Z	8
Donald Trump	damn	2016-10-10T01:29:00Z	10
Donald Trump	damn	2016-10-10T01:30:00Z	11
Donald Trump	damn	2016-10-10T01:31:00Z	10
Donald Trump	damn	2016-10-10T01:32:00Z	5
Donald Trump	damn	2016-10-10T01:33:00Z	3
Donald Trump	damn	2016-10-10T01:34:00Z	12
Donald Trump	damn	2016-10-10T01:35:00Z	2
Donald Trump	damn	2016-10-10T01:36:00Z	9
Donald Trump	damn	2016-10-10T01:37:00Z	9
Donald Trump	damn	2016-10-10T01:38:00Z	7
Donald Trump	damn	2016-10-10T01:39:00Z	4
Donald Trump	damn	2016-10-10T01:40:00Z	6
Donald Trump	damn	2016-10-10T01:41:00Z	4
Donald Trump	damn	2016-10-10T01:42:00Z	6
Donald Trump	damn	2016-10-10T01:43:00Z	4
Donald Trump	damn	2016-10-10T01:44:00Z	8
Donald Trump	damn	2016-10-10T01:45:00Z	8
Donald Trump	damn	2016-10-10T01:46:00Z	5
Donald Trump	damn	2016-10-10T01:47:00Z	5
Donald Trump	damn	2016-10-10T01:48:00Z	4
Donald Trump	damn	2016-10-10T01:49:00Z	4
Donald Trump	damn	2016-10-10T01:50:00Z	4
Donald Trump	damn	2016-10-10T01:51:00Z	4
Donald Trump	damn	2016-10-10T01:52:00Z	3
Donald Trump	damn	2016-10-10T01:53:00Z	9
Donald Trump	damn	2016-10-10T01:54:00Z	6
Donald Trump	damn	2016-10-10T01:55:00Z	7
Donald Trump	damn	2016-10-10T01:56:00Z	5
Donald Trump	damn	2016-10-10T01:57:00Z	4
Donald Trump	damn	2016-10-10T01:58:00Z	5
Donald Trump	damn	2016-10-10T01:59:00Z	12
Donald Trump	damn	2016-10-10T02:00:00Z	8
Donald Trump	damn	2016-10-10T02:01:00Z	6
Donald Trump	damn	2016-10-10T02:02:00Z	9
Donald Trump	damn	2016-10-10T02:03:00Z	3
Donald Trump	damn	2016-10-10T02:04:00Z	3
Donald Trump	damn	2016-10-10T02:05:00Z	5
Donald Trump	damn	2016-10-10T02:06:00Z	6
Donald Trump	damn	2016-10-10T02:07:00Z	7
Donald Trump	damn	2016-10-10T02:08:00Z	8
Donald Trump	damn	2016-10-10T02:09:00Z	9
Donald Trump	damn	2016-10-10T02:10:00Z	18
Donald Trump	damn	2016-10-10T02:11:00Z	10
Donald Trump	damn	2016-10-10T02:12:00Z	8
Donald Trump	damn	2016-10-10T02:13:00Z	9
Donald Trump	damn	2016-10-10T02:14:00Z	20
Donald Trump	damn	2016-10-10T02:15:00Z	13
Donald Trump	damn	2016-10-10T02:16:00Z	8
Donald Trump	damn	2016-10-10T02:17:00Z	8
Donald Trump	damn	2016-10-10T02:18:00Z	3
Donald Trump	damn	2016-10-10T02:19:00Z	5
Donald Trump	damn	2016-10-10T02:20:00Z	1
Donald Trump	damn	2016-10-10T02:21:00Z	3
Donald Trump	damn	2016-10-10T02:22:00Z	4
Donald Trump	damn	2016-10-10T02:23:00Z	5
Donald Trump	damn	2016-10-10T02:24:00Z	1
Donald Trump	damn	2016-10-10T02:25:00Z	3
Donald Trump	damn	2016-10-10T02:26:00Z	2
Donald Trump	damn	2016-10-10T02:27:00Z	3
Donald Trump	damn	2016-10-10T02:28:00Z	5
Donald Trump	damn	2016-10-10T02:29:00Z	9
Donald Trump	damn	2016-10-10T02:30:00Z	1
Donald Trump	damn	2016-10-10T02:31:00Z	3
Donald Trump	damn	2016-10-10T02:32:00Z	3
Donald Trump	damn	2016-10-10T02:33:00Z	2
Donald Trump	damn	2016-10-10T02:34:00Z	3
Donald Trump	damn	2016-10-10T02:35:00Z	3
Donald Trump	damn	2016-10-10T02:36:00Z	4
Donald Trump	damn	2016-10-10T02:37:00Z	8
Donald Trump	damn	2016-10-10T02:38:00Z	8
Donald Trump	damn	2016-10-10T02:39:00Z	5
Donald Trump	damn	2016-10-10T02:40:00Z	2
Donald Trump	damn	2016-10-10T02:41:00Z	3
Donald Trump	damn	2016-10-10T02:42:00Z	3
Donald Trump	damn	2016-10-10T02:43:00Z	2
Donald Trump	damn	2016-10-10T02:44:00Z	2
Donald Trump	damn	2016-10-10T02:45:00Z	0
Donald Trump	dick	2016-10-10T00:45:00Z	3
Donald Trump	dick	2016-10-10T00:46:00Z	1
Donald Trump	dick	2016-10-10T00:47:00Z	1
Donald Trump	dick	2016-10-10T00:48:00Z	0
Donald Trump	dick	2016-10-10T00:49:00Z	1
Donald Trump	dick	2016-10-10T00:50:00Z	0
Donald Trump	dick	2016-10-10T00:51:00Z	6
Donald Trump	dick	2016-10-10T00:52:00Z	8
Donald Trump	dick	2016-10-10T00:53:00Z	7
Donald Trump	dick	2016-10-10T00:54:00Z	13
Donald Trump	dick	2016-10-10T00:55:00Z	7
Donald Trump	dick	2016-10-10T00:56:00Z	4
Donald Trump	dick	2016-10-10T00:57:00Z	3
Donald Trump	dick	2016-10-10T00:58:00Z	0
Donald Trump	dick	2016-10-10T00:59:00Z	2
Donald Trump	dick	2016-10-10T01:00:00Z	9
Donald Trump	dick	2016-10-10T01:01:00Z	10
Donald Trump	dick	2016-10-10T01:02:00Z	2
Donald Trump	dick	2016-10-10T01:03:00Z	2
Donald Trump	dick	2016-10-10T01:04:00Z	0
Donald Trump	dick	2016-10-10T01:05:00Z	6
Donald Trump	dick	2016-10-10T01:06:00Z	3
Donald Trump	dick	2016-10-10T01:07:00Z	2
Donald Trump	dick	2016-10-10T01:08:00Z	3
Donald Trump	dick	2016-10-10T01:09:00Z	2
Donald Trump	dick	2016-10-10T01:10:00Z	0
Donald Trump	dick	2016-10-10T01:11:00Z	1
Donald Trump	dick	2016-10-10T01:12:00Z	1
Donald Trump	dick	2016-10-10T01:13:00Z	1
Donald Trump	dick	2016-10-10T01:14:00Z	2
Donald Trump	dick	2016-10-10T01:15:00Z	2
Donald Trump	dick	2016-10-10T01:16:00Z	0
Donald Trump	dick	2016-10-10T01:17:00Z	2
Donald Trump	dick	2016-10-10T01:18:00Z	0
Donald Trump	dick	2016-10-10T01:19:00Z	2
Donald Trump	dick	2016-10-10T01:20:00Z	2
Donald Trump	dick	2016-10-10T01:21:00Z	1
Donald Trump	dick	2016-10-10T01:22:00Z	1
Donald Trump	dick	2016-10-10T01:23:00Z	1
Donald Trump	dick	2016-10-10T01:24:00Z	0
Donald Trump	dick	2016-10-10T01:25:00Z	0
Donald Trump	dick	2016-10-10T01:26:00Z	1
Donald Trump	dick	2016-10-10T01:27:00Z	2
Donald Trump	dick	2016-10-10T01:28:00Z	2
Donald Trump	dick	2016-10-10T01:29:00Z	5
Donald Trump	dick	2016-10-10T01:30:00Z	5
Donald Trump	dick	2016-10-10T01:31:00Z	0
Donald Trump	dick	2016-10-10T01:32:00Z	1
Donald Trump	dick	2016-10-10T01:33:00Z	4
Donald Trump	dick	2016-10-10T01:34:00Z	3
Donald Trump	dick	2016-10-10T01:35:00Z	1
Donald Trump	dick	2016-10-10T01:36:00Z	0
Donald Trump	dick	2016-10-10T01:37:00Z	5
Donald Trump	dick	2016-10-10T01:38:00Z	2
Donald Trump	dick	2016-10-10T01:39:00Z	2
Donald Trump	dick	2016-10-10T01:40:00Z	3
Donald Trump	dick	2016-10-10T01:41:00Z	0
Donald Trump	dick	2016-10-10T01:42:00Z	3
Donald Trump	dick	2016-10-10T01:43:00Z	1
Donald Trump	dick	2016-10-10T01:44:00Z	2
Donald Trump	dick	2016-10-10T01:45:00Z	0
Donald Trump	dick	2016-10-10T01:46:00Z	1
Donald Trump	dick	2016-10-10T01:47:00Z	3
Donald Trump	dick	2016-10-10T01:48:00Z	2
Donald Trump	dick	2016-10-10T01:49:00Z	0
Donald Trump	dick	2016-10-10T01:50:00Z	0
Donald Trump	dick	2016-10-10T01:51:00Z	2
Donald Trump	dick	2016-10-10T01:52:00Z	3
Donald Trump	dick	2016-10-10T01:53:00Z	0
Donald Trump	dick	2016-10-10T01:54:00Z	2
Donald Trump	dick	2016-10-10T01:55:00Z	1
Donald Trump	dick	2016-10-10T01:56:00Z	0
Donald Trump	dick	2016-10-10T01:57:00Z	1
Donald Trump	dick	2016-10-10T01:58:00Z	1
Donald Trump	dick	2016-10-10T01:59:00Z	2
Donald Trump	dick	2016-10-10T02:00:00Z	0
Donald Trump	dick	2016-10-10T02:01:00Z	3
Donald Trump	dick	2016-10-10T02:02:00Z	1
Donald Trump	dick	2016-10-10T02:03:00Z	1
Donald Trump	dick	2016-10-10T02:04:00Z	2
Donald Trump	dick	2016-10-10T02:05:00Z	1
Donald Trump	dick	2016-10-10T02:06:00Z	1
Donald Trump	dick	2016-10-10T02:07:00Z	1
Donald Trump	dick	2016-10-10T02:08:00Z	3
Donald Trump	dick	2016-10-10T02:09:00Z	3
Donald Trump	dick	2016-10-10T02:10:00Z	2
Donald Trump	dick	2016-10-10T02:11:00Z	0
Donald Trump	dick	2016-10-10T02:12:00Z	2
Donald Trump	dick	2016-10-10T02:13:00Z	1
Donald Trump	dick	2016-10-10T02:14:00Z	2
Donald Trump	dick	2016-10-10T02:15:00Z	2
Donald Trump	dick	2016-10-10T02:16:00Z	2
Donald Trump	dick	2016-10-10T02:17:00Z	0
Donald Trump	dick	2016-10-10T02:18:00Z	1
Donald Trump	dick	2016-10-10T02:19:00Z	1
Donald Trump	dick	2016-10-10T02:20:00Z	1
Donald Trump	dick	2016-10-10T02:21:00Z	0
Donald Trump	dick	2016-10-10T02:22:00Z	1
Donald Trump	dick	2016-10-10T02:23:00Z	1
Donald Trump	dick	2016-10-10T02:24:00Z	2
Donald Trump	dick	2016-10-10T02:25:00Z	0
Donald Trump	dick	2016-10-10T02:26:00Z	0
Donald Trump	dick	2016-10-10T02:27:00Z	0
Donald Trump	dick	2016-10-10T02:28:00Z	2
Donald Trump	dick	2016-10-10T02:29:00Z	0
Donald Trump	dick	2016-10-10T02:30:00Z	2
Donald Trump	dick	2016-10-10T02:31:00Z	2
Donald Trump	dick	2016-10-10T02:32:00Z	0
Donald Trump	dick	2016-10-10T02:33:00Z	0
Donald Trump	dick	2016-10-10T02:34:00Z	0
Donald Trump	dick	2016-10-10T02:35:00Z	1
Donald Trump	dick	2016-10-10T02:36:00Z	0
Donald Trump	dick	2016-10-10T02:37:00Z	0
Donald Trump	dick	2016-10-10T02:38:00Z	0
Donald Trump	dick	2016-10-10T02:39:00Z	1
Donald Trump	dick	2016-10-10T02:40:00Z	1
Donald Trump	dick	2016-10-10T02:41:00Z	0
Donald Trump	dick	2016-10-10T02:42:00Z	1
Donald Trump	dick	2016-10-10T02:43:00Z	1
Donald Trump	dick	2016-10-10T02:44:00Z	1
Donald Trump	dick	2016-10-10T02:45:00Z	0
Donald Trump	douche	2016-10-10T00:45:00Z	0
Donald Trump	douche	2016-10-10T00:46:00Z	0
Donald Trump	douche	2016-10-10T00:47:00Z	2
Donald Trump	douche	2016-10-10T00:48:00Z	0
Donald Trump	douche	2016-10-10T00:49:00Z	0
Donald Trump	douche	2016-10-10T00:50:00Z	1
Donald Trump	douche	2016-10-10T00:51:00Z	0
Donald Trump	douche	2016-10-10T00:52:00Z	0
Donald Trump	douche	2016-10-10T00:53:00Z	0
Donald Trump	douche	2016-10-10T00:54:00Z	3
Donald Trump	douche	2016-10-10T00:55:00Z	0
Donald Trump	douche	2016-10-10T00:56:00Z	0
Donald Trump	douche	2016-10-10T00:57:00Z	0
Donald Trump	douche	2016-10-10T00:58:00Z	0
Donald Trump	douche	2016-10-10T00:59:00Z	0
Donald Trump	douche	2016-10-10T01:00:00Z	0
Donald Trump	douche	2016-10-10T01:01:00Z	1
Donald Trump	douche	2016-10-10T01:02:00Z	1
Donald Trump	douche	2016-10-10T01:03:00Z	0
Donald Trump	douche	2016-10-10T01:04:00Z	3
Donald Trump	douche	2016-10-10T01:05:00Z	1
Donald Trump	douche	2016-10-10T01:06:00Z	0
Donald Trump	douche	2016-10-10T01:07:00Z	0
Donald Trump	douche	2016-10-10T01:08:00Z	0
Donald Trump	douche	2016-10-10T01:09:00Z	1
Donald Trump	douche	2016-10-10T01:10:00Z	1
Donald Trump	douche	2016-10-10T01:11:00Z	0
Donald Trump	douche	2016-10-10T01:12:00Z	0
Donald Trump	douche	2016-10-10T01:13:00Z	1
Donald Trump	douche	2016-10-10T01:14:00Z	0
Donald Trump	douche	2016-10-10T01:15:00Z	0
Donald Trump	douche	2016-10-10T01:16:00Z	1
Donald Trump	douche	2016-10-10T01:17:00Z	1
Donald Trump	douche	2016-10-10T01:18:00Z	3
Donald Trump	douche	2016-10-10T01:19:00Z	1
Donald Trump	douche	2016-10-10T01:20:00Z	1
Donald Trump	douche	2016-10-10T01:21:00Z	2
Donald Trump	douche	2016-10-10T01:22:00Z	1
Donald Trump	douche	2016-10-10T01:23:00Z	2
Donald Trump	douche	2016-10-10T01:24:00Z	0
Donald Trump	douche	2016-10-10T01:25:00Z	0
Donald Trump	douche	2016-10-10T01:26:00Z	0
Donald Trump	douche	2016-10-10T01:27:00Z	0
Donald Trump	douche	2016-10-10T01:28:00Z	1
Donald Trump	douche	2016-10-10T01:29:00Z	3
Donald Trump	douche	2016-10-10T01:30:00Z	3
Donald Trump	douche	2016-10-10T01:31:00Z	1
Donald Trump	douche	2016-10-10T01:32:00Z	0
Donald Trump	douche	2016-10-10T01:33:00Z	0
Donald Trump	douche	2016-10-10T01:34:00Z	0
Donald Trump	douche	2016-10-10T01:35:00Z	0
Donald Trump	douche	2016-10-10T01:36:00Z	0
Donald Trump	douche	2016-10-10T01:37:00Z	1
Donald Trump	douche	2016-10-10T01:38:00Z	2
Donald Trump	douche	2016-10-10T01:39:00Z	1
Donald Trump	douche	2016-10-10T01:40:00Z	1
Donald Trump	douche	2016-10-10T01:41:00Z	0
Donald Trump	douche	2016-10-10T01:42:00Z	0
Donald Trump	douche	2016-10-10T01:43:00Z	0
Donald Trump	douche	2016-10-10T01:44:00Z	1
Donald Trump	douche	2016-10-10T01:45:00Z	0
Donald Trump	douche	2016-10-10T01:46:00Z	0
Donald Trump	douche	2016-10-10T01:47:00Z	0
Donald Trump	douche	2016-10-10T01:48:00Z	0
Donald Trump	douche	2016-10-10T01:49:00Z	0
Donald Trump	douche	2016-10-10T01:50:00Z	1
Donald Trump	douche	2016-10-10T01:51:00Z	1
Donald Trump	douche	2016-10-10T01:52:00Z	0
Donald Trump	douche	2016-10-10T01:53:00Z	0
Donald Trump	douche	2016-10-10T01:54:00Z	0
Donald Trump	douche	2016-10-10T01:55:00Z	1
Donald Trump	douche	2016-10-10T01:56:00Z	0
Donald Trump	douche	2016-10-10T01:57:00Z	1
Donald Trump	douche	2016-10-10T01:58:00Z	0
Donald Trump	douche	2016-10-10T01:59:00Z	2
Donald Trump	douche	2016-10-10T02:00:00Z	0
Donald Trump	douche	2016-10-10T02:01:00Z	0
Donald Trump	douche	2016-10-10T02:02:00Z	1
Donald Trump	douche	2016-10-10T02:03:00Z	0
Donald Trump	douche	2016-10-10T02:04:00Z	2
Donald Trump	douche	2016-10-10T02:05:00Z	1
Donald Trump	douche	2016-10-10T02:06:00Z	0
Donald Trump	douche	2016-10-10T02:07:00Z	1
Donald Trump	douche	2016-10-10T02:08:00Z	1
Donald Trump	douche	2016-10-10T02:09:00Z	0
Donald Trump	douche	2016-10-10T02:10:00Z	0
Donald Trump	douche	2016-10-10T02:11:00Z	0
Donald Trump	douche	2016-10-10T02:12:00Z	1
Donald Trump	douche	2016-10-10T02:13:00Z	0
Donald Trump	douche	2016-10-10T02:14:00Z	0
Donald Trump	douche	2016-10-10T02:15:00Z	1
Donald Trump	douche	2016-10-10T02:16:00Z	1
Donald Trump	douche	2016-10-10T02:17:00Z	2
Donald Trump	douche	2016-10-10T02:18:00Z	0
Donald Trump	douche	2016-10-10T02:19:00Z	0
Donald Trump	douche	2016-10-10T02:20:00Z	1
Donald Trump	douche	2016-10-10T02:21:00Z	1
Donald Trump	douche	2016-10-10T02:22:00Z	1
Donald Trump	douche	2016-10-10T02:23:00Z	0
Donald Trump	douche	2016-10-10T02:24:00Z	0
Donald Trump	douche	2016-10-10T02:25:00Z	1
Donald Trump	douche	2016-10-10T02:26:00Z	0
Donald Trump	douche	2016-10-10T02:27:00Z	0
Donald Trump	douche	2016-10-10T02:28:00Z	0
Donald Trump	douche	2016-10-10T02:29:00Z	3
Donald Trump	douche	2016-10-10T02:30:00Z	1
Donald Trump	douche	2016-10-10T02:31:00Z	0
Donald Trump	douche	2016-10-10T02:32:00Z	0
Donald Trump	douche	2016-10-10T02:33:00Z	1
Donald Trump	douche	2016-10-10T02:34:00Z	0
Donald Trump	douche	2016-10-10T02:35:00Z	0
Donald Trump	douche	2016-10-10T02:36:00Z	0
Donald Trump	douche	2016-10-10T02:37:00Z	0
Donald Trump	douche	2016-10-10T02:38:00Z	0
Donald Trump	douche	2016-10-10T02:39:00Z	0
Donald Trump	douche	2016-10-10T02:40:00Z	0
Donald Trump	douche	2016-10-10T02:41:00Z	0
Donald Trump	douche	2016-10-10T02:42:00Z	0
Donald Trump	douche	2016-10-10T02:43:00Z	0
Donald Trump	douche	2016-10-10T02:44:00Z	0
Donald Trump	douche	2016-10-10T02:45:00Z	0
Donald Trump	fuck	2016-10-10T00:45:00Z	13
Donald Trump	fuck	2016-10-10T00:46:00Z	6
Donald Trump	fuck	2016-10-10T00:47:00Z	8
Donald Trump	fuck	2016-10-10T00:48:00Z	12
Donald Trump	fuck	2016-10-10T00:49:00Z	18
Donald Trump	fuck	2016-10-10T00:50:00Z	20
Donald Trump	fuck	2016-10-10T00:51:00Z	17
Donald Trump	fuck	2016-10-10T00:52:00Z	9
Donald Trump	fuck	2016-10-10T00:53:00Z	18
Donald Trump	fuck	2016-10-10T00:54:00Z	13
Donald Trump	fuck	2016-10-10T00:55:00Z	12
Donald Trump	fuck	2016-10-10T00:56:00Z	11
Donald Trump	fuck	2016-10-10T00:57:00Z	8
Donald Trump	fuck	2016-10-10T00:58:00Z	16
Donald Trump	fuck	2016-10-10T00:59:00Z	13
Donald Trump	fuck	2016-10-10T01:00:00Z	12
Donald Trump	fuck	2016-10-10T01:01:00Z	17
Donald Trump	fuck	2016-10-10T01:02:00Z	20
Donald Trump	fuck	2016-10-10T01:03:00Z	31
Donald Trump	fuck	2016-10-10T01:04:00Z	15
Donald Trump	fuck	2016-10-10T01:05:00Z	28
Donald Trump	fuck	2016-10-10T01:06:00Z	27
Donald Trump	fuck	2016-10-10T01:07:00Z	16
Donald Trump	fuck	2016-10-10T01:08:00Z	10
Donald Trump	fuck	2016-10-10T01:09:00Z	20
Donald Trump	fuck	2016-10-10T01:10:00Z	34
Donald Trump	fuck	2016-10-10T01:11:00Z	55
Donald Trump	fuck	2016-10-10T01:12:00Z	78
Donald Trump	fuck	2016-10-10T01:13:00Z	43
Donald Trump	fuck	2016-10-10T01:14:00Z	33
Donald Trump	fuck	2016-10-10T01:15:00Z	26
Donald Trump	fuck	2016-10-10T01:16:00Z	31
Donald Trump	fuck	2016-10-10T01:17:00Z	39
Donald Trump	fuck	2016-10-10T01:18:00Z	62
Donald Trump	fuck	2016-10-10T01:19:00Z	56
Donald Trump	fuck	2016-10-10T01:20:00Z	29
Donald Trump	fuck	2016-10-10T01:21:00Z	45
Donald Trump	fuck	2016-10-10T01:22:00Z	41
Donald Trump	fuck	2016-10-10T01:23:00Z	108
Donald Trump	fuck	2016-10-10T01:24:00Z	71
Donald Trump	fuck	2016-10-10T01:25:00Z	46
Donald Trump	fuck	2016-10-10T01:26:00Z	37
Donald Trump	fuck	2016-10-10T01:27:00Z	37
Donald Trump	fuck	2016-10-10T01:28:00Z	61
Donald Trump	fuck	2016-10-10T01:29:00Z	114
Donald Trump	fuck	2016-10-10T01:30:00Z	76
Donald Trump	fuck	2016-10-10T01:31:00Z	41
Donald Trump	fuck	2016-10-10T01:32:00Z	26
Donald Trump	fuck	2016-10-10T01:33:00Z	36
Donald Trump	fuck	2016-10-10T01:34:00Z	41
Donald Trump	fuck	2016-10-10T01:35:00Z	38
Donald Trump	fuck	2016-10-10T01:36:00Z	45
Donald Trump	fuck	2016-10-10T01:37:00Z	47
Donald Trump	fuck	2016-10-10T01:38:00Z	39
Donald Trump	fuck	2016-10-10T01:39:00Z	37
Donald Trump	fuck	2016-10-10T01:40:00Z	25
Donald Trump	fuck	2016-10-10T01:41:00Z	23
Donald Trump	fuck	2016-10-10T01:42:00Z	26
Donald Trump	fuck	2016-10-10T01:43:00Z	40
Donald Trump	fuck	2016-10-10T01:44:00Z	41
Donald Trump	fuck	2016-10-10T01:45:00Z	41
Donald Trump	fuck	2016-10-10T01:46:00Z	42
Donald Trump	fuck	2016-10-10T01:47:00Z	48
Donald Trump	fuck	2016-10-10T01:48:00Z	46
Donald Trump	fuck	2016-10-10T01:49:00Z	83
Donald Trump	fuck	2016-10-10T01:50:00Z	65
Donald Trump	fuck	2016-10-10T01:51:00Z	46
Donald Trump	fuck	2016-10-10T01:52:00Z	42
Donald Trump	fuck	2016-10-10T01:53:00Z	52
Donald Trump	fuck	2016-10-10T01:54:00Z	47
Donald Trump	fuck	2016-10-10T01:55:00Z	41
Donald Trump	fuck	2016-10-10T01:56:00Z	38
Donald Trump	fuck	2016-10-10T01:57:00Z	46
Donald Trump	fuck	2016-10-10T01:58:00Z	47
Donald Trump	fuck	2016-10-10T01:59:00Z	34
Donald Trump	fuck	2016-10-10T02:00:00Z	31
Donald Trump	fuck	2016-10-10T02:01:00Z	33
Donald Trump	fuck	2016-10-10T02:02:00Z	25
Donald Trump	fuck	2016-10-10T02:03:00Z	36
Donald Trump	fuck	2016-10-10T02:04:00Z	36
Donald Trump	fuck	2016-10-10T02:05:00Z	26
Donald Trump	fuck	2016-10-10T02:06:00Z	46
Donald Trump	fuck	2016-10-10T02:07:00Z	35
Donald Trump	fuck	2016-10-10T02:08:00Z	44
Donald Trump	fuck	2016-10-10T02:09:00Z	49
Donald Trump	fuck	2016-10-10T02:10:00Z	52
Donald Trump	fuck	2016-10-10T02:11:00Z	45
Donald Trump	fuck	2016-10-10T02:12:00Z	38
Donald Trump	fuck	2016-10-10T02:13:00Z	40
Donald Trump	fuck	2016-10-10T02:14:00Z	42
Donald Trump	fuck	2016-10-10T02:15:00Z	47
Donald Trump	fuck	2016-10-10T02:16:00Z	39
Donald Trump	fuck	2016-10-10T02:17:00Z	38
Donald Trump	fuck	2016-10-10T02:18:00Z	22
Donald Trump	fuck	2016-10-10T02:19:00Z	16
Donald Trump	fuck	2016-10-10T02:20:00Z	27
Donald Trump	fuck	2016-10-10T02:21:00Z	25
Donald Trump	fuck	2016-10-10T02:22:00Z	32
Donald Trump	fuck	2016-10-10T02:23:00Z	32
Donald Trump	fuck	2016-10-10T02:24:00Z	20
Donald Trump	fuck	2016-10-10T02:25:00Z	18
Donald Trump	fuck	2016-10-10T02:26:00Z	16
Donald Trump	fuck	2016-10-10T02:27:00Z	15
Donald Trump	fuck	2016-10-10T02:28:00Z	28
Donald Trump	fuck	2016-10-10T02:29:00Z	25
Donald Trump	fuck	2016-10-10T02:30:00Z	38
Donald Trump	fuck	2016-10-10T02:31:00Z	28
Donald Trump	fuck	2016-10-10T02:32:00Z	12
Donald Trump	fuck	2016-10-10T02:33:00Z	13
Donald Trump	fuck	2016-10-10T02:34:00Z	22
Donald Trump	fuck	2016-10-10T02:35:00Z	18
Donald Trump	fuck	2016-10-10T02:36:00Z	22
Donald Trump	fuck	2016-10-10T02:37:00Z	23
Donald Trump	fuck	2016-10-10T02:38:00Z	14
Donald Trump	fuck	2016-10-10T02:39:00Z	15
Donald Trump	fuck	2016-10-10T02:40:00Z	34
Donald Trump	fuck	2016-10-10T02:41:00Z	15
Donald Trump	fuck	2016-10-10T02:42:00Z	19
Donald Trump	fuck	2016-10-10T02:43:00Z	10
Donald Trump	fuck	2016-10-10T02:44:00Z	14
Donald Trump	fuck	2016-10-10T02:45:00Z	0
Donald Trump	shit	2016-10-10T00:45:00Z	7
Donald Trump	shit	2016-10-10T00:46:00Z	4
Donald Trump	shit	2016-10-10T00:47:00Z	12
Donald Trump	shit	2016-10-10T00:48:00Z	13
Donald Trump	shit	2016-10-10T00:49:00Z	8
Donald Trump	shit	2016-10-10T00:50:00Z	5
Donald Trump	shit	2016-10-10T00:51:00Z	12
Donald Trump	shit	2016-10-10T00:52:00Z	8
Donald Trump	shit	2016-10-10T00:53:00Z	11
Donald Trump	shit	2016-10-10T00:54:00Z	11
Donald Trump	shit	2016-10-10T00:55:00Z	7
Donald Trump	shit	2016-10-10T00:56:00Z	16
Donald Trump	shit	2016-10-10T00:57:00Z	6
Donald Trump	shit	2016-10-10T00:58:00Z	7
Donald Trump	shit	2016-10-10T00:59:00Z	10
Donald Trump	shit	2016-10-10T01:00:00Z	10
Donald Trump	shit	2016-10-10T01:01:00Z	13
Donald Trump	shit	2016-10-10T01:02:00Z	7
Donald Trump	shit	2016-10-10T01:03:00Z	15
Donald Trump	shit	2016-10-10T01:04:00Z	14
Donald Trump	shit	2016-10-10T01:05:00Z	7
Donald Trump	shit	2016-10-10T01:06:00Z	9
Donald Trump	shit	2016-10-10T01:07:00Z	8
Donald Trump	shit	2016-10-10T01:08:00Z	4
Donald Trump	shit	2016-10-10T01:09:00Z	12
Donald Trump	shit	2016-10-10T01:10:00Z	14
Donald Trump	shit	2016-10-10T01:11:00Z	28
Donald Trump	shit	2016-10-10T01:12:00Z	23
Donald Trump	shit	2016-10-10T01:13:00Z	21
Donald Trump	shit	2016-10-10T01:14:00Z	22
Donald Trump	shit	2016-10-10T01:15:00Z	15
Donald Trump	shit	2016-10-10T01:16:00Z	15
Donald Trump	shit	2016-10-10T01:17:00Z	22
Donald Trump	shit	2016-10-10T01:18:00Z	29
Donald Trump	shit	2016-10-10T01:19:00Z	41
Donald Trump	shit	2016-10-10T01:20:00Z	27
Donald Trump	shit	2016-10-10T01:21:00Z	29
Donald Trump	shit	2016-10-10T01:22:00Z	28
Donald Trump	shit	2016-10-10T01:23:00Z	22
Donald Trump	shit	2016-10-10T01:24:00Z	26
Donald Trump	shit	2016-10-10T01:25:00Z	19
Donald Trump	shit	2016-10-10T01:26:00Z	15
Donald Trump	shit	2016-10-10T01:27:00Z	19
Donald Trump	shit	2016-10-10T01:28:00Z	13
Donald Trump	shit	2016-10-10T01:29:00Z	30
Donald Trump	shit	2016-10-10T01:30:00Z	20
Donald Trump	shit	2016-10-10T01:31:00Z	19
Donald Trump	shit	2016-10-10T01:32:00Z	15
Donald Trump	shit	2016-10-10T01:33:00Z	22
Donald Trump	shit	2016-10-10T01:34:00Z	35
Donald Trump	shit	2016-10-10T01:35:00Z	49
Donald Trump	shit	2016-10-10T01:36:00Z	35
Donald Trump	shit	2016-10-10T01:37:00Z	26
Donald Trump	shit	2016-10-10T01:38:00Z	47
Donald Trump	shit	2016-10-10T01:39:00Z	21
Donald Trump	shit	2016-10-10T01:40:00Z	26
Donald Trump	shit	2016-10-10T01:41:00Z	22
Donald Trump	shit	2016-10-10T01:42:00Z	20
Donald Trump	shit	2016-10-10T01:43:00Z	25
Donald Trump	shit	2016-10-10T01:44:00Z	15
Donald Trump	shit	2016-10-10T01:45:00Z	27
Donald Trump	shit	2016-10-10T01:46:00Z	34
Donald Trump	shit	2016-10-10T01:47:00Z	25
Donald Trump	shit	2016-10-10T01:48:00Z	24
Donald Trump	shit	2016-10-10T01:49:00Z	7
Donald Trump	shit	2016-10-10T01:50:00Z	17
Donald Trump	shit	2016-10-10T01:51:00Z	20
Donald Trump	shit	2016-10-10T01:52:00Z	20
Donald Trump	shit	2016-10-10T01:53:00Z	27
Donald Trump	shit	2016-10-10T01:54:00Z	32
Donald Trump	shit	2016-10-10T01:55:00Z	20
Donald Trump	shit	2016-10-10T01:56:00Z	21
Donald Trump	shit	2016-10-10T01:57:00Z	27
Donald Trump	shit	2016-10-10T01:58:00Z	26
Donald Trump	shit	2016-10-10T01:59:00Z	22
Donald Trump	shit	2016-10-10T02:00:00Z	16
Donald Trump	shit	2016-10-10T02:01:00Z	18
Donald Trump	shit	2016-10-10T02:02:00Z	17
Donald Trump	shit	2016-10-10T02:03:00Z	18
Donald Trump	shit	2016-10-10T02:04:00Z	17
Donald Trump	shit	2016-10-10T02:05:00Z	13
Donald Trump	shit	2016-10-10T02:06:00Z	16
Donald Trump	shit	2016-10-10T02:07:00Z	15
Donald Trump	shit	2016-10-10T02:08:00Z	19
Donald Trump	shit	2016-10-10T02:09:00Z	21
Donald Trump	shit	2016-10-10T02:10:00Z	15
Donald Trump	shit	2016-10-10T02:11:00Z	18
Donald Trump	shit	2016-10-10T02:12:00Z	21
Donald Trump	shit	2016-10-10T02:13:00Z	22
Donald Trump	shit	2016-10-10T02:14:00Z	10
Donald Trump	shit	2016-10-10T02:15:00Z	25
Donald Trump	shit	2016-10-10T02:16:00Z	18
Donald Trump	shit	2016-10-10T02:17:00Z	13
Donald Trump	shit	2016-10-10T02:18:00Z	13
Donald Trump	shit	2016-10-10T02:19:00Z	11
Donald Trump	shit	2016-10-10T02:20:00Z	11
Donald Trump	shit	2016-10-10T02:21:00Z	15
Donald Trump	shit	2016-10-10T02:22:00Z	12
Donald Trump	shit	2016-10-10T02:23:00Z	14
Donald Trump	shit	2016-10-10T02:24:00Z	12
Donald Trump	shit	2016-10-10T02:25:00Z	9
Donald Trump	shit	2016-10-10T02:26:00Z	6
Donald Trump	shit	2016-10-10T02:27:00Z	16
Donald Trump	shit	2016-10-10T02:28:00Z	7
Donald Trump	shit	2016-10-10T02:29:00Z	8
Donald Trump	shit	2016-10-10T02:30:00Z	9
Donald Trump	shit	2016-10-10T02:31:00Z	11
Donald Trump	shit	2016-10-10T02:32:00Z	7
Donald Trump	shit	2016-10-10T02:33:00Z	10
Donald Trump	shit	2016-10-10T02:34:00Z	13
Donald Trump	shit	2016-10-10T02:35:00Z	13
Donald Trump	shit	2016-10-10T02:36:00Z	7
Donald Trump	shit	2016-10-10T02:37:00Z	11
Donald Trump	shit	2016-10-10T02:38:00Z	10
Donald Trump	shit	2016-10-10T02:39:00Z	6
Donald Trump	shit	2016-10-10T02:40:00Z	3
Donald Trump	shit	2016-10-10T02:41:00Z	12
Donald Trump	shit	2016-10-10T02:42:00Z	5
Donald Trump	shit	2016-10-10T02:43:00Z	10
Donald Trump	shit	2016-10-10T02:44:00Z	4
Donald Trump	shit	2016-10-10T02:45:00Z	0
Hillary Clinton	ass	2016-10-10T00:45:00Z	2
Hillary Clinton	ass	2016-10-10T00:46:00Z	2
Hillary Clinton	ass	2016-10-10T00:47:00Z	3
Hillary Clinton	ass	2016-10-10T00:48:00Z	0
Hillary Clinton	ass	2016-10-10T00:49:00Z	4
Hillary Clinton	ass	2016-10-10T00:50:00Z	2
Hillary Clinton	ass	2016-10-10T00:51:00Z	1
Hillary Clinton	ass	2016-10-10T00:52:00Z	3
Hillary Clinton	ass	2016-10-10T00:53:00Z	2
Hillary Clinton	ass	2016-10-10T00:54:00Z	4
Hillary Clinton	ass	2016-10-10T00:55:00Z	2
Hillary Clinton	ass	2016-10-10T00:56:00Z	2
Hillary Clinton	ass	2016-10-10T00:57:00Z	1
Hillary Clinton	ass	2016-10-10T00:58:00Z	1
Hillary Clinton	ass	2016-10-10T00:59:00Z	6
Hillary Clinton	ass	2016-10-10T01:00:00Z	1
Hillary Clinton	ass	2016-10-10T01:01:00Z	2
Hillary Clinton	ass	2016-10-10T01:02:00Z	3
Hillary Clinton	ass	2016-10-10T01:03:00Z	1
Hillary Clinton	ass	2016-10-10T01:04:00Z	0
Hillary Clinton	ass	2016-10-10T01:05:00Z	3
Hillary Clinton	ass	2016-10-10T01:06:00Z	1
Hillary Clinton	ass	2016-10-10T01:07:00Z	4
Hillary Clinton	ass	2016-10-10T01:08:00Z	4
Hillary Clinton	ass	2016-10-10T01:09:00Z	1
Hillary Clinton	ass	2016-10-10T01:10:00Z	2
Hillary Clinton	ass	2016-10-10T01:11:00Z	1
Hillary Clinton	ass	2016-10-10T01:12:00Z	1
Hillary Clinton	ass	2016-10-10T01:13:00Z	1
Hillary Clinton	ass	2016-10-10T01:14:00Z	1
Hillary Clinton	ass	2016-10-10T01:15:00Z	4
Hillary Clinton	ass	2016-10-10T01:16:00Z	3
Hillary Clinton	ass	2016-10-10T01:17:00Z	3
Hillary Clinton	ass	2016-10-10T01:18:00Z	5
Hillary Clinton	ass	2016-10-10T01:19:00Z	1
Hillary Clinton	ass	2016-10-10T01:20:00Z	5
Hillary Clinton	ass	2016-10-10T01:21:00Z	5
Hillary Clinton	ass	2016-10-10T01:22:00Z	6
Hillary Clinton	ass	2016-10-10T01:23:00Z	5
Hillary Clinton	ass	2016-10-10T01:24:00Z	8
Hillary Clinton	ass	2016-10-10T01:25:00Z	9
Hillary Clinton	ass	2016-10-10T01:26:00Z	1
Hillary Clinton	ass	2016-10-10T01:27:00Z	2
Hillary Clinton	ass	2016-10-10T01:28:00Z	3
Hillary Clinton	ass	2016-10-10T01:29:00Z	1
Hillary Clinton	ass	2016-10-10T01:30:00Z	7
Hillary Clinton	ass	2016-10-10T01:31:00Z	2
Hillary Clinton	ass	2016-10-10T01:32:00Z	4
Hillary Clinton	ass	2016-10-10T01:33:00Z	1
Hillary Clinton	ass	2016-10-10T01:34:00Z	0
Hillary Clinton	ass	2016-10-10T01:35:00Z	0
Hillary Clinton	ass	2016-10-10T01:36:00Z	3
Hillary Clinton	ass	2016-10-10T01:37:00Z	2
Hillary Clinton	ass	2016-10-10T01:38:00Z	0
Hillary Clinton	ass	2016-10-10T01:39:00Z	0
Hillary Clinton	ass	2016-10-10T01:40:00Z	1
Hillary Clinton	ass	2016-10-10T01:41:00Z	2
Hillary Clinton	ass	2016-10-10T01:42:00Z	0
Hillary Clinton	ass	2016-10-10T01:43:00Z	0
Hillary Clinton	ass	2016-10-10T01:44:00Z	1
Hillary Clinton	ass	2016-10-10T01:45:00Z	1
Hillary Clinton	ass	2016-10-10T01:46:00Z	1
Hillary Clinton	ass	2016-10-10T01:47:00Z	1
Hillary Clinton	ass	2016-10-10T01:48:00Z	2
Hillary Clinton	ass	2016-10-10T01:49:00Z	1
Hillary Clinton	ass	2016-10-10T01:50:00Z	1
Hillary Clinton	ass	2016-10-10T01:51:00Z	2
Hillary Clinton	ass	2016-10-10T01:52:00Z	1
Hillary Clinton	ass	2016-10-10T01:53:00Z	1
Hillary Clinton	ass	2016-10-10T01:54:00Z	4
Hillary Clinton	ass	2016-10-10T01:55:00Z	2
Hillary Clinton	ass	2016-10-10T01:56:00Z	1
Hillary Clinton	ass	2016-10-10T01:57:00Z	10
Hillary Clinton	ass	2016-10-10T01:58:00Z	7
Hillary Clinton	ass	2016-10-10T01:59:00Z	4
Hillary Clinton	ass	2016-10-10T02:00:00Z	2
Hillary Clinton	ass	2016-10-10T02:01:00Z	2
Hillary Clinton	ass	2016-10-10T02:02:00Z	6
Hillary Clinton	ass	2016-10-10T02:03:00Z	1
Hillary Clinton	ass	2016-10-10T02:04:00Z	0
Hillary Clinton	ass	2016-10-10T02:05:00Z	1
Hillary Clinton	ass	2016-10-10T02:06:00Z	2
Hillary Clinton	ass	2016-10-10T02:07:00Z	0
Hillary Clinton	ass	2016-10-10T02:08:00Z	4
Hillary Clinton	ass	2016-10-10T02:09:00Z	0
Hillary Clinton	ass	2016-10-10T02:10:00Z	2
Hillary Clinton	ass	2016-10-10T02:11:00Z	2
Hillary Clinton	ass	2016-10-10T02:12:00Z	5
Hillary Clinton	ass	2016-10-10T02:13:00Z	1
Hillary Clinton	ass	2016-10-10T02:14:00Z	2
Hillary Clinton	ass	2016-10-10T02:15:00Z	2
Hillary Clinton	ass	2016-10-10T02:16:00Z	2
Hillary Clinton	ass	2016-10-10T02:17:00Z	4
Hillary Clinton	ass	2016-10-10T02:18:00Z	0
Hillary Clinton	ass	2016-10-10T02:19:00Z	1
Hillary Clinton	ass	2016-10-10T02:20:00Z	3
Hillary Clinton	ass	2016-10-10T02:21:00Z	4
Hillary Clinton	ass	2016-10-10T02:22:00Z	1
Hillary Clinton	ass	2016-10-10T02:23:00Z	0
Hillary Clinton	ass	2016-10-10T02:24:00Z	1
Hillary Clinton	ass	2016-10-10T02:25:00Z	0
Hillary Clinton	ass	2016-10-10T02:26:00Z	1
Hillary Clinton	ass	2016-10-10T02:27:00Z	1
Hillary Clinton	ass	2016-10-10T02:28:00Z	1
Hillary Clinton	ass	2016-10-10T02:29:00Z	2
Hillary Clinton	ass	2016-10-10T02:30:00Z	2
Hillary Clinton	ass	2016-10-10T02:31:00Z	2
Hillary Clinton	ass	2016-10-10T02:32:00Z	3
Hillary Clinton	ass	2016-10-10T02:33:00Z	2
Hillary Clinton	ass	2016-10-10T02:34:00Z	0
Hillary Clinton	ass	2016-10-10T02:35:00Z	3
Hillary Clinton	ass	2016-10-10T02:36:00Z	0
Hillary Clinton	ass	2016-10-10T02:37:00Z	1
Hillary Clinton	ass	2016-10-10T02:38:00Z	3
Hillary Clinton	ass	2016-10-10T02:39:00Z	2
Hillary Clinton	ass	2016-10-10T02:40:00Z	2
Hillary Clinton	ass	2016-10-10T02:41:00Z	6
Hillary Clinton	ass	2016-10-10T02:42:00Z	0
Hillary Clinton	ass	2016-10-10T02:43:00Z	1
Hillary Clinton	ass	2016-10-10T02:44:00Z	2
Hillary Clinton	ass	2016-10-10T02:45:00Z	0
Hillary Clinton	bitch	2016-10-10T00:45:00Z	2
Hillary Clinton	bitch	2016-10-10T00:46:00Z	3
Hillary Clinton	bitch	2016-10-10T00:47:00Z	0
Hillary Clinton	bitch	2016-10-10T00:48:00Z	3
Hillary Clinton	bitch	2016-10-10T00:49:00Z	3
Hillary Clinton	bitch	2016-10-10T00:50:00Z	6
Hillary Clinton	bitch	2016-10-10T00:51:00Z	2
Hillary Clinton	bitch	2016-10-10T00:52:00Z	0
Hillary Clinton	bitch	2016-10-10T00:53:00Z	2
Hillary Clinton	bitch	2016-10-10T00:54:00Z	3
Hillary Clinton	bitch	2016-10-10T00:55:00Z	1
Hillary Clinton	bitch	2016-10-10T00:56:00Z	4
Hillary Clinton	bitch	2016-10-10T00:57:00Z	3
Hillary Clinton	bitch	2016-10-10T00:58:00Z	1
Hillary Clinton	bitch	2016-10-10T00:59:00Z	1
Hillary Clinton	bitch	2016-10-10T01:00:00Z	1
Hillary Clinton	bitch	2016-10-10T01:01:00Z	3
Hillary Clinton	bitch	2016-10-10T01:02:00Z	1
Hillary Clinton	bitch	2016-10-10T01:03:00Z	1
Hillary Clinton	bitch	2016-10-10T01:04:00Z	3
Hillary Clinton	bitch	2016-10-10T01:05:00Z	2
Hillary Clinton	bitch	2016-10-10T01:06:00Z	4
Hillary Clinton	bitch	2016-10-10T01:07:00Z	8
Hillary Clinton	bitch	2016-10-10T01:08:00Z	5
Hillary Clinton	bitch	2016-10-10T01:09:00Z	3
Hillary Clinton	bitch	2016-10-10T01:10:00Z	1
Hillary Clinton	bitch	2016-10-10T01:11:00Z	0
Hillary Clinton	bitch	2016-10-10T01:12:00Z	0
Hillary Clinton	bitch	2016-10-10T01:13:00Z	2
Hillary Clinton	bitch	2016-10-10T01:14:00Z	4
Hillary Clinton	bitch	2016-10-10T01:15:00Z	5
Hillary Clinton	bitch	2016-10-10T01:16:00Z	10
Hillary Clinton	bitch	2016-10-10T01:17:00Z	3
Hillary Clinton	bitch	2016-10-10T01:18:00Z	2
Hillary Clinton	bitch	2016-10-10T01:19:00Z	1
Hillary Clinton	bitch	2016-10-10T01:20:00Z	5
Hillary Clinton	bitch	2016-10-10T01:21:00Z	3
Hillary Clinton	bitch	2016-10-10T01:22:00Z	5
Hillary Clinton	bitch	2016-10-10T01:23:00Z	4
Hillary Clinton	bitch	2016-10-10T01:24:00Z	10
Hillary Clinton	bitch	2016-10-10T01:25:00Z	8
Hillary Clinton	bitch	2016-10-10T01:26:00Z	8
Hillary Clinton	bitch	2016-10-10T01:27:00Z	8
Hillary Clinton	bitch	2016-10-10T01:28:00Z	6
Hillary Clinton	bitch	2016-10-10T01:29:00Z	5
Hillary Clinton	bitch	2016-10-10T01:30:00Z	5
Hillary Clinton	bitch	2016-10-10T01:31:00Z	6
Hillary Clinton	bitch	2016-10-10T01:32:00Z	4
Hillary Clinton	bitch	2016-10-10T01:33:00Z	5
Hillary Clinton	bitch	2016-10-10T01:34:00Z	0
Hillary Clinton	bitch	2016-10-10T01:35:00Z	0
Hillary Clinton	bitch	2016-10-10T01:36:00Z	5
Hillary Clinton	bitch	2016-10-10T01:37:00Z	1
Hillary Clinton	bitch	2016-10-10T01:38:00Z	2
Hillary Clinton	bitch	2016-10-10T01:39:00Z	4
Hillary Clinton	bitch	2016-10-10T01:40:00Z	5
Hillary Clinton	bitch	2016-10-10T01:41:00Z	7
Hillary Clinton	bitch	2016-10-10T01:42:00Z	5
Hillary Clinton	bitch	2016-10-10T01:43:00Z	0
Hillary Clinton	bitch	2016-10-10T01:44:00Z	3
Hillary Clinton	bitch	2016-10-10T01:45:00Z	5
Hillary Clinton	bitch	2016-10-10T01:46:00Z	3
Hillary Clinton	bitch	2016-10-10T01:47:00Z	1
Hillary Clinton	bitch	2016-10-10T01:48:00Z	3
Hillary Clinton	bitch	2016-10-10T01:49:00Z	2
Hillary Clinton	bitch	2016-10-10T01:50:00Z	3
Hillary Clinton	bitch	2016-10-10T01:51:00Z	5
Hillary Clinton	bitch	2016-10-10T01:52:00Z	2
Hillary Clinton	bitch	2016-10-10T01:53:00Z	2
Hillary Clinton	bitch	2016-10-10T01:54:00Z	1
Hillary Clinton	bitch	2016-10-10T01:55:00Z	1
Hillary Clinton	bitch	2016-10-10T01:56:00Z	3
Hillary Clinton	bitch	2016-10-10T01:57:00Z	2
Hillary Clinton	bitch	2016-10-10T01:58:00Z	2
Hillary Clinton	bitch	2016-10-10T01:59:00Z	0
Hillary Clinton	bitch	2016-10-10T02:00:00Z	1
Hillary Clinton	bitch	2016-10-10T02:01:00Z	2
Hillary Clinton	bitch	2016-10-10T02:02:00Z	5
Hillary Clinton	bitch	2016-10-10T02:03:00Z	5
Hillary Clinton	bitch	2016-10-10T02:04:00Z	2
Hillary Clinton	bitch	2016-10-10T02:05:00Z	3
Hillary Clinton	bitch	2016-10-10T02:06:00Z	3
Hillary Clinton	bitch	2016-10-10T02:07:00Z	2
Hillary Clinton	bitch	2016-10-10T02:08:00Z	3
Hillary Clinton	bitch	2016-10-10T02:09:00Z	0
Hillary Clinton	bitch	2016-10-10T02:10:00Z	0
Hillary Clinton	bitch	2016-10-10T02:11:00Z	3
Hillary Clinton	bitch	2016-10-10T02:12:00Z	0
Hillary Clinton	bitch	2016-10-10T02:13:00Z	1
Hillary Clinton	bitch	2016-10-10T02:14:00Z	3
Hillary Clinton	bitch	2016-10-10T02:15:00Z	1
Hillary Clinton	bitch	2016-10-10T02:16:00Z	1
Hillary Clinton	bitch	2016-10-10T02:17:00Z	0
Hillary Clinton	bitch	2016-10-10T02:18:00Z	2
Hillary Clinton	bitch	2016-10-10T02:19:00Z	4
Hillary Clinton	bitch	2016-10-10T02:20:00Z	2
Hillary Clinton	bitch	2016-10-10T02:21:00Z	4
Hillary Clinton	bitch	2016-10-10T02:22:00Z	2
Hillary Clinton	bitch	2016-10-10T02:23:00Z	1
Hillary Clinton	bitch	2016-10-10T02:24:00Z	4
Hillary Clinton	bitch	2016-10-10T02:25:00Z	1
Hillary Clinton	bitch	2016-10-10T02:26:00Z	1
Hillary Clinton	bitch	2016-10-10T02:27:00Z	2
Hillary Clinton	bitch	2016-10-10T02:28:00Z	0
Hillary Clinton	bitch	2016-10-10T02:29:00Z	2
Hillary Clinton	bitch	2016-10-10T02:30:00Z	1
Hillary Clinton	bitch	2016-10-10T02:31:00Z	0
Hillary Clinton	bitch	2016-10-10T02:32:00Z	1
Hillary Clinton	bitch	2016-10-10T02:33:00Z	1
Hillary Clinton	bitch	2016-10-10T02:34:00Z	1
Hillary Clinton	bitch	2016-10-10T02:35:00Z	3
Hillary Clinton	bitch	2016-10-10T02:36:00Z	2
Hillary Clinton	bitch	2016-10-10T02:37:00Z	0
Hillary Clinton	bitch	2016-10-10T02:38:00Z	0
Hillary Clinton	bitch	2016-10-10T02:39:00Z	2
Hillary Clinton	bitch	2016-10-10T02:40:00Z	5
Hillary Clinton	bitch	2016-10-10T02:41:00Z	1
Hillary Clinton	bitch	2016-10-10T02:42:00Z	3
Hillary Clinton	bitch	2016-10-10T02:43:00Z	2
Hillary Clinton	bitch	2016-10-10T02:44:00Z	4
Hillary Clinton	bitch	2016-10-10T02:45:00Z	0
Hillary Clinton	damn	2016-10-10T00:45:00Z	0
Hillary Clinton	damn	2016-10-10T00:46:00Z	2
Hillary Clinton	damn	2016-10-10T00:47:00Z	0
Hillary Clinton	damn	2016-10-10T00:48:00Z	0
Hillary Clinton	damn	2016-10-10T00:49:00Z	3
Hillary Clinton	damn	2016-10-10T00:50:00Z	2
Hillary Clinton	damn	2016-10-10T00:51:00Z	1
Hillary Clinton	damn	2016-10-10T00:52:00Z	0
Hillary Clinton	damn	2016-10-10T00:53:00Z	1
Hillary Clinton	damn	2016-10-10T00:54:00Z	1
Hillary Clinton	damn	2016-10-10T00:55:00Z	2
Hillary Clinton	damn	2016-10-10T00:56:00Z	4
Hillary Clinton	damn	2016-10-10T00:57:00Z	1
Hillary Clinton	damn	2016-10-10T00:58:00Z	1
Hillary Clinton	damn	2016-10-10T00:59:00Z	1
Hillary Clinton	damn	2016-10-10T01:00:00Z	1
Hillary Clinton	damn	2016-10-10T01:01:00Z	0
Hillary Clinton	damn	2016-10-10T01:02:00Z	1
Hillary Clinton	damn	2016-10-10T01:03:00Z	0
Hillary Clinton	damn	2016-10-10T01:04:00Z	3
Hillary Clinton	damn	2016-10-10T01:05:00Z	3
Hillary Clinton	damn	2016-10-10T01:06:00Z	6
Hillary Clinton	damn	2016-10-10T01:07:00Z	3
Hillary Clinton	damn	2016-10-10T01:08:00Z	9
Hillary Clinton	damn	2016-10-10T01:09:00Z	0
Hillary Clinton	damn	2016-10-10T01:10:00Z	1
Hillary Clinton	damn	2016-10-10T01:11:00Z	5
Hillary Clinton	damn	2016-10-10T01:12:00Z	1
Hillary Clinton	damn	2016-10-10T01:13:00Z	0
Hillary Clinton	damn	2016-10-10T01:14:00Z	2
Hillary Clinton	damn	2016-10-10T01:15:00Z	3
Hillary Clinton	damn	2016-10-10T01:16:00Z	4
Hillary Clinton	damn	2016-10-10T01:17:00Z	7
Hillary Clinton	damn	2016-10-10T01:18:00Z	5
Hillary Clinton	damn	2016-10-10T01:19:00Z	3
Hillary Clinton	damn	2016-10-10T01:20:00Z	7
Hillary Clinton	damn	2016-10-10T01:21:00Z	3
Hillary Clinton	damn	2016-10-10T01:22:00Z	2
Hillary Clinton	damn	2016-10-10T01:23:00Z	3
Hillary Clinton	damn	2016-10-10T01:24:00Z	1
Hillary Clinton	damn	2016-10-10T01:25:00Z	1
Hillary Clinton	damn	2016-10-10T01:26:00Z	4
Hillary Clinton	damn	2016-10-10T01:27:00Z	8
Hillary Clinton	damn	2016-10-10T01:28:00Z	3
Hillary Clinton	damn	2016-10-10T01:29:00Z	7
Hillary Clinton	damn	2016-10-10T01:30:00Z	0
Hillary Clinton	damn	2016-10-10T01:31:00Z	5
Hillary Clinton	damn	2016-10-10T01:32:00Z	1
Hillary Clinton	damn	2016-10-10T01:33:00Z	3
Hillary Clinton	damn	2016-10-10T01:34:00Z	5
Hillary Clinton	damn	2016-10-10T01:35:00Z	1
Hillary Clinton	damn	2016-10-10T01:36:00Z	1
Hillary Clinton	damn	2016-10-10T01:37:00Z	3
Hillary Clinton	damn	2016-10-10T01:38:00Z	4
Hillary Clinton	damn	2016-10-10T01:39:00Z	7
Hillary Clinton	damn	2016-10-10T01:40:00Z	2
Hillary Clinton	damn	2016-10-10T01:41:00Z	5
Hillary Clinton	damn	2016-10-10T01:42:00Z	1
Hillary Clinton	damn	2016-10-10T01:43:00Z	4
Hillary Clinton	damn	2016-10-10T01:44:00Z	3
Hillary Clinton	damn	2016-10-10T01:45:00Z	2
Hillary Clinton	damn	2016-10-10T01:46:00Z	3
Hillary Clinton	damn	2016-10-10T01:47:00Z	2
Hillary Clinton	damn	2016-10-10T01:48:00Z	0
Hillary Clinton	damn	2016-10-10T01:49:00Z	2
Hillary Clinton	damn	2016-10-10T01:50:00Z	1
Hillary Clinton	damn	2016-10-10T01:51:00Z	0
Hillary Clinton	damn	2016-10-10T01:52:00Z	4
Hillary Clinton	damn	2016-10-10T01:53:00Z	0
Hillary Clinton	damn	2016-10-10T01:54:00Z	1
Hillary Clinton	damn	2016-10-10T01:55:00Z	0
Hillary Clinton	damn	2016-10-10T01:56:00Z	3
Hillary Clinton	damn	2016-10-10T01:57:00Z	1
Hillary Clinton	damn	2016-10-10T01:58:00Z	4
Hillary Clinton	damn	2016-10-10T01:59:00Z	1
Hillary Clinton	damn	2016-10-10T02:00:00Z	0
Hillary Clinton	damn	2016-10-10T02:01:00Z	0
Hillary Clinton	damn	2016-10-10T02:02:00Z	0
Hillary Clinton	damn	2016-10-10T02:03:00Z	6
Hillary Clinton	damn	2016-10-10T02:04:00Z	4
Hillary Clinton	damn	2016-10-10T02:05:00Z	5
Hillary Clinton	damn	2016-10-10T02:06:00Z	2
Hillary Clinton	damn	2016-10-10T02:07:00Z	2
Hillary Clinton	damn	2016-10-10T02:08:00Z	2
Hillary Clinton	damn	2016-10-10T02:09:00Z	2
Hillary Clinton	damn	2016-10-10T02:10:00Z	4
Hillary Clinton	damn	2016-10-10T02:11:00Z	4
Hillary Clinton	damn	2016-10-10T02:12:00Z	1
Hillary Clinton	damn	2016-10-10T02:13:00Z	1
Hillary Clinton	damn	2016-10-10T02:14:00Z	0
Hillary Clinton	damn	2016-10-10T02:15:00Z	2
Hillary Clinton	damn	2016-10-10T02:16:00Z	1
Hillary Clinton	damn	2016-10-10T02:17:00Z	0
Hillary Clinton	damn	2016-10-10T02:18:00Z	3
Hillary Clinton	damn	2016-10-10T02:19:00Z	3
Hillary Clinton	damn	2016-10-10T02:20:00Z	0
Hillary Clinton	damn	2016-10-10T02:21:00Z	1
Hillary Clinton	damn	2016-10-10T02:22:00Z	4
Hillary Clinton	damn	2016-10-10T02:23:00Z	0
Hillary Clinton	damn	2016-10-10T02:24:00Z	1
Hillary Clinton	damn	2016-10-10T02:25:00Z	2
Hillary Clinton	damn	2016-10-10T02:26:00Z	2
Hillary Clinton	damn	2016-10-10T02:27:00Z	1
Hillary Clinton	damn	2016-10-10T02:28:00Z	0
Hillary Clinton	damn	2016-10-10T02:29:00Z	0
Hillary Clinton	damn	2016-10-10T02:30:00Z	1
Hillary Clinton	damn	2016-10-10T02:31:00Z	1
Hillary Clinton	damn	2016-10-10T02:32:00Z	0
Hillary Clinton	damn	2016-10-10T02:33:00Z	3
Hillary Clinton	damn	2016-10-10T02:34:00Z	1
Hillary Clinton	damn	2016-10-10T02:35:00Z	2
Hillary Clinton	damn	2016-10-10T02:36:00Z	1
Hillary Clinton	damn	2016-10-10T02:37:00Z	2
Hillary Clinton	damn	2016-10-10T02:38:00Z	2
Hillary Clinton	damn	2016-10-10T02:39:00Z	2
Hillary Clinton	damn	2016-10-10T02:40:00Z	2
Hillary Clinton	damn	2016-10-10T02:41:00Z	1
Hillary Clinton	damn	2016-10-10T02:42:00Z	2
Hillary Clinton	damn	2016-10-10T02:43:00Z	0
Hillary Clinton	damn	2016-10-10T02:44:00Z	0
Hillary Clinton	damn	2016-10-10T02:45:00Z	0
Hillary Clinton	dick	2016-10-10T00:45:00Z	3
Hillary Clinton	dick	2016-10-10T00:46:00Z	1
Hillary Clinton	dick	2016-10-10T00:47:00Z	1
Hillary Clinton	dick	2016-10-10T00:48:00Z	0
Hillary Clinton	dick	2016-10-10T00:49:00Z	0
Hillary Clinton	dick	2016-10-10T00:50:00Z	0
Hillary Clinton	dick	2016-10-10T00:51:00Z	7
Hillary Clinton	dick	2016-10-10T00:52:00Z	7
Hillary Clinton	dick	2016-10-10T00:53:00Z	3
Hillary Clinton	dick	2016-10-10T00:54:00Z	6
Hillary Clinton	dick	2016-10-10T00:55:00Z	2
Hillary Clinton	dick	2016-10-10T00:56:00Z	3
Hillary Clinton	dick	2016-10-10T00:57:00Z	1
Hillary Clinton	dick	2016-10-10T00:58:00Z	2
Hillary Clinton	dick	2016-10-10T00:59:00Z	1
Hillary Clinton	dick	2016-10-10T01:00:00Z	3
Hillary Clinton	dick	2016-10-10T01:01:00Z	2
Hillary Clinton	dick	2016-10-10T01:02:00Z	0
Hillary Clinton	dick	2016-10-10T01:03:00Z	0
Hillary Clinton	dick	2016-10-10T01:04:00Z	0
Hillary Clinton	dick	2016-10-10T01:05:00Z	3
Hillary Clinton	dick	2016-10-10T01:06:00Z	2
Hillary Clinton	dick	2016-10-10T01:07:00Z	0
Hillary Clinton	dick	2016-10-10T01:08:00Z	2
Hillary Clinton	dick	2016-10-10T01:09:00Z	1
Hillary Clinton	dick	2016-10-10T01:10:00Z	2
Hillary Clinton	dick	2016-10-10T01:11:00Z	0
Hillary Clinton	dick	2016-10-10T01:12:00Z	0
Hillary Clinton	dick	2016-10-10T01:13:00Z	3
Hillary Clinton	dick	2016-10-10T01:14:00Z	1
Hillary Clinton	dick	2016-10-10T01:15:00Z	2
Hillary Clinton	dick	2016-10-10T01:16:00Z	0
Hillary Clinton	dick	2016-10-10T01:17:00Z	0
Hillary Clinton	dick	2016-10-10T01:18:00Z	0
Hillary Clinton	dick	2016-10-10T01:19:00Z	2
Hillary Clinton	dick	2016-10-10T01:20:00Z	1
Hillary Clinton	dick	2016-10-10T01:21:00Z	1
Hillary Clinton	dick	2016-10-10T01:22:00Z	2
Hillary Clinton	dick	2016-10-10T01:23:00Z	0
Hillary Clinton	dick	2016-10-10T01:24:00Z	0
Hillary Clinton	dick	2016-10-10T01:25:00Z	0
Hillary Clinton	dick	2016-10-10T01:26:00Z	3
Hillary Clinton	dick	2016-10-10T01:27:00Z	0
Hillary Clinton	dick	2016-10-10T01:28:00Z	0
Hillary Clinton	dick	2016-10-10T01:29:00Z	1
Hillary Clinton	dick	2016-10-10T01:30:00Z	0
Hillary Clinton	dick	2016-10-10T01:31:00Z	0
Hillary Clinton	dick	2016-10-10T01:32:00Z	0
Hillary Clinton	dick	2016-10-10T01:33:00Z	2
Hillary Clinton	dick	2016-10-10T01:34:00Z	0
Hillary Clinton	dick	2016-10-10T01:35:00Z	0
Hillary Clinton	dick	2016-10-10T01:36:00Z	0
Hillary Clinton	dick	2016-10-10T01:37:00Z	0
Hillary Clinton	dick	2016-10-10T01:38:00Z	0
Hillary Clinton	dick	2016-10-10T01:39:00Z	1
Hillary Clinton	dick	2016-10-10T01:40:00Z	1
Hillary Clinton	dick	2016-10-10T01:41:00Z	0
Hillary Clinton	dick	2016-10-10T01:42:00Z	0
Hillary Clinton	dick	2016-10-10T01:43:00Z	0
Hillary Clinton	dick	2016-10-10T01:44:00Z	0
Hillary Clinton	dick	2016-10-10T01:45:00Z	0
Hillary Clinton	dick	2016-10-10T01:46:00Z	0
Hillary Clinton	dick	2016-10-10T01:47:00Z	0
Hillary Clinton	dick	2016-10-10T01:48:00Z	0
Hillary Clinton	dick	2016-10-10T01:49:00Z	0
Hillary Clinton	dick	2016-10-10T01:50:00Z	0
Hillary Clinton	dick	2016-10-10T01:51:00Z	0
Hillary Clinton	dick	2016-10-10T01:52:00Z	0
Hillary Clinton	dick	2016-10-10T01:53:00Z	0
Hillary Clinton	dick	2016-10-10T01:54:00Z	0
Hillary Clinton	dick	2016-10-10T01:55:00Z	0
Hillary Clinton	dick	2016-10-10T01:56:00Z	0
Hillary Clinton	dick	2016-10-10T01:57:00Z	2
Hillary Clinton	dick	2016-10-10T01:58:00Z	1
Hillary Clinton	dick	2016-10-10T01:59:00Z	0
Hillary Clinton	dick	2016-10-10T02:00:00Z	0
Hillary Clinton	dick	2016-10-10T02:01:00Z	1
Hillary Clinton	dick	2016-10-10T02:02:00Z	1
Hillary Clinton	dick	2016-10-10T02:03:00Z	1
Hillary Clinton	dick	2016-10-10T02:04:00Z	0
Hillary Clinton	dick	2016-10-10T02:05:00Z	0
Hillary Clinton	dick	2016-10-10T02:06:00Z	0
Hillary Clinton	dick	2016-10-10T02:07:00Z	0
Hillary Clinton	dick	2016-10-10T02:08:00Z	2
Hillary Clinton	dick	2016-10-10T02:09:00Z	0
Hillary Clinton	dick	2016-10-10T02:10:00Z	0
Hillary Clinton	dick	2016-10-10T02:11:00Z	0
Hillary Clinton	dick	2016-10-10T02:12:00Z	1
Hillary Clinton	dick	2016-10-10T02:13:00Z	0
Hillary Clinton	dick	2016-10-10T02:14:00Z	0
Hillary Clinton	dick	2016-10-10T02:15:00Z	0
Hillary Clinton	dick	2016-10-10T02:16:00Z	0
Hillary Clinton	dick	2016-10-10T02:17:00Z	1
Hillary Clinton	dick	2016-10-10T02:18:00Z	0
Hillary Clinton	dick	2016-10-10T02:19:00Z	2
Hillary Clinton	dick	2016-10-10T02:20:00Z	0
Hillary Clinton	dick	2016-10-10T02:21:00Z	0
Hillary Clinton	dick	2016-10-10T02:22:00Z	0
Hillary Clinton	dick	2016-10-10T02:23:00Z	0
Hillary Clinton	dick	2016-10-10T02:24:00Z	0
Hillary Clinton	dick	2016-10-10T02:25:00Z	0
Hillary Clinton	dick	2016-10-10T02:26:00Z	1
Hillary Clinton	dick	2016-10-10T02:27:00Z	0
Hillary Clinton	dick	2016-10-10T02:28:00Z	0
Hillary Clinton	dick	2016-10-10T02:29:00Z	0
Hillary Clinton	dick	2016-10-10T02:30:00Z	0
Hillary Clinton	dick	2016-10-10T02:31:00Z	0
Hillary Clinton	dick	2016-10-10T02:32:00Z	0
Hillary Clinton	dick	2016-10-10T02:33:00Z	0
Hillary Clinton	dick	2016-10-10T02:34:00Z	0
Hillary Clinton	dick	2016-10-10T02:35:00Z	0
Hillary Clinton	dick	2016-10-10T02:36:00Z	0
Hillary Clinton	dick	2016-10-10T02:37:00Z	0
Hillary Clinton	dick	2016-10-10T02:38:00Z	1
Hillary Clinton	dick	2016-10-10T02:39:00Z	0
Hillary Clinton	dick	2016-10-10T02:40:00Z	0
Hillary Clinton	dick	2016-10-10T02:41:00Z	0
Hillary Clinton	dick	2016-10-10T02:42:00Z	1
Hillary Clinton	dick	2016-10-10T02:43:00Z	1
Hillary Clinton	dick	2016-10-10T02:44:00Z	0
Hillary Clinton	dick	2016-10-10T02:45:00Z	0
Hillary Clinton	douche	2016-10-10T00:45:00Z	0
Hillary Clinton	douche	2016-10-10T00:46:00Z	0
Hillary Clinton	douche	2016-10-10T00:47:00Z	0
Hillary Clinton	douche	2016-10-10T00:48:00Z	0
Hillary Clinton	douche	2016-10-10T00:49:00Z	0
Hillary Clinton	douche	2016-10-10T00:50:00Z	0
Hillary Clinton	douche	2016-10-10T00:51:00Z	0
Hillary Clinton	douche	2016-10-10T00:52:00Z	0
Hillary Clinton	douche	2016-10-10T00:53:00Z	0
Hillary Clinton	douche	2016-10-10T00:54:00Z	0
Hillary Clinton	douche	2016-10-10T00:55:00Z	0
Hillary Clinton	douche	2016-10-10T00:56:00Z	0
Hillary Clinton	douche	2016-10-10T00:57:00Z	0
Hillary Clinton	douche	2016-10-10T00:58:00Z	0
Hillary Clinton	douche	2016-10-10T00:59:00Z	0
Hillary Clinton	douche	2016-10-10T01:00:00Z	0
Hillary Clinton	douche	2016-10-10T01:01:00Z	0
Hillary Clinton	douche	2016-10-10T01:02:00Z	0
Hillary Clinton	douche	2016-10-10T01:03:00Z	0
Hillary Clinton	douche	2016-10-10T01:04:00Z	0
Hillary Clinton	douche	2016-10-10T01:05:00Z	0
Hillary Clinton	douche	2016-10-10T01:06:00Z	0
Hillary Clinton	douche	2016-10-10T01:07:00Z	0
Hillary Clinton	douche	2016-10-10T01:08:00Z	0
Hillary Clinton	douche	2016-10-10T01:09:00Z	0
Hillary Clinton	douche	2016-10-10T01:10:00Z	0
Hillary Clinton	douche	2016-10-10T01:11:00Z	0
Hillary Clinton	douche	2016-10-10T01:12:00Z	0
Hillary Clinton	douche	2016-10-10T01:13:00Z	0
Hillary Clinton	douche	2016-10-10T01:14:00Z	0
Hillary Clinton	douche	2016-10-10T01:15:00Z	0
Hillary Clinton	douche	2016-10-10T01:16:00Z	0
Hillary Clinton	douche	2016-10-10T01:17:00Z	0
Hillary Clinton	douche	2016-10-10T01:18:00Z	0
Hillary Clinton	douche	2016-10-10T01:19:00Z	1
Hillary Clinton	douche	2016-10-10T01:20:00Z	0
Hillary Clinton	douche	2016-10-10T01:21:00Z	1
Hillary Clinton	douche	2016-10-10T01:22:00Z	0
Hillary Clinton	douche	2016-10-10T01:23:00Z	0
Hillary Clinton	douche	2016-10-10T01:24:00Z	0
Hillary Clinton	douche	2016-10-10T01:25:00Z	0
Hillary Clinton	douche	2016-10-10T01:26:00Z	0
Hillary Clinton	douche	2016-10-10T01:27:00Z	1
Hillary Clinton	douche	2016-10-10T01:28:00Z	1
Hillary Clinton	douche	2016-10-10T01:29:00Z	1
Hillary Clinton	douche	2016-10-10T01:30:00Z	0
Hillary Clinton	douche	2016-10-10T01:31:00Z	0
Hillary Clinton	douche	2016-10-10T01:32:00Z	0
Hillary Clinton	douche	2016-10-10T01:33:00Z	0
Hillary Clinton	douche	2016-10-10T01:34:00Z	0
Hillary Clinton	douche	2016-10-10T01:35:00Z	0
Hillary Clinton	douche	2016-10-10T01:36:00Z	0
Hillary Clinton	douche	2016-10-10T01:37:00Z	0
Hillary Clinton	douche	2016-10-10T01:38:00Z	0
Hillary Clinton	douche	2016-10-10T01:39:00Z	0
Hillary Clinton	douche	2016-10-10T01:40:00Z	0
Hillary Clinton	douche	2016-10-10T01:41:00Z	0
Hillary Clinton	douche	2016-10-10T01:42:00Z	0
Hillary Clinton	douche	2016-10-10T01:43:00Z	0
Hillary Clinton	douche	2016-10-10T01:44:00Z	0
Hillary Clinton	douche	2016-10-10T01:45:00Z	0
Hillary Clinton	douche	2016-10-10T01:46:00Z	1
Hillary Clinton	douche	2016-10-10T01:47:00Z	0
Hillary Clinton	douche	2016-10-10T01:48:00Z	0
Hillary Clinton	douche	2016-10-10T01:49:00Z	0
Hillary Clinton	douche	2016-10-10T01:50:00Z	0
Hillary Clinton	douche	2016-10-10T01:51:00Z	0
Hillary Clinton	douche	2016-10-10T01:52:00Z	0
Hillary Clinton	douche	2016-10-10T01:53:00Z	0
Hillary Clinton	douche	2016-10-10T01:54:00Z	0
Hillary Clinton	douche	2016-10-10T01:55:00Z	0
Hillary Clinton	douche	2016-10-10T01:56:00Z	0
Hillary Clinton	douche	2016-10-10T01:57:00Z	0
Hillary Clinton	douche	2016-10-10T01:58:00Z	0
Hillary Clinton	douche	2016-10-10T01:59:00Z	0
Hillary Clinton	douche	2016-10-10T02:00:00Z	0
Hillary Clinton	douche	2016-10-10T02:01:00Z	0
Hillary Clinton	douche	2016-10-10T02:02:00Z	0
Hillary Clinton	douche	2016-10-10T02:03:00Z	0
Hillary Clinton	douche	2016-10-10T02:04:00Z	1
Hillary Clinton	douche	2016-10-10T02:05:00Z	1
Hillary Clinton	douche	2016-10-10T02:06:00Z	0
Hillary Clinton	douche	2016-10-10T02:07:00Z	0
Hillary Clinton	douche	2016-10-10T02:08:00Z	0
Hillary Clinton	douche	2016-10-10T02:09:00Z	0
Hillary Clinton	douche	2016-10-10T02:10:00Z	1
Hillary Clinton	douche	2016-10-10T02:11:00Z	0
Hillary Clinton	douche	2016-10-10T02:12:00Z	0
Hillary Clinton	douche	2016-10-10T02:13:00Z	0
Hillary Clinton	douche	2016-10-10T02:14:00Z	0
Hillary Clinton	douche	2016-10-10T02:15:00Z	0
Hillary Clinton	douche	2016-10-10T02:16:00Z	0
Hillary Clinton	douche	2016-10-10T02:17:00Z	0
Hillary Clinton	douche	2016-10-10T02:18:00Z	0
Hillary Clinton	douche	2016-10-10T02:19:00Z	0
Hillary Clinton	douche	2016-10-10T02:20:00Z	1
Hillary Clinton	douche	2016-10-10T02:21:00Z	0
Hillary Clinton	douche	2016-10-10T02:22:00Z	0
Hillary Clinton	douche	2016-10-10T02:23:00Z	0
Hillary Clinton	douche	2016-10-10T02:24:00Z	0
Hillary Clinton	douche	2016-10-10T02:25:00Z	1
Hillary Clinton	douche	2016-10-10T02:26:00Z	0
Hillary Clinton	douche	2016-10-10T02:27:00Z	0
Hillary Clinton	douche	2016-10-10T02:28:00Z	0
Hillary Clinton	douche	2016-10-10T02:29:00Z	1
Hillary Clinton	douche	2016-10-10T02:30:00Z	0
Hillary Clinton	douche	2016-10-10T02:31:00Z	0
Hillary Clinton	douche	2016-10-10T02:32:00Z	0
Hillary Clinton	douche	2016-10-10T02:33:00Z	0
Hillary Clinton	douche	2016-10-10T02:34:00Z	0
Hillary Clinton	douche	2016-10-10T02:35:00Z	0
Hillary Clinton	douche	2016-10-10T02:36:00Z	1
Hillary Clinton	douche	2016-10-10T02:37:00Z	0
Hillary Clinton	douche	2016-10-10T02:38:00Z	0
Hillary Clinton	douche	2016-10-10T02:39:00Z	0
Hillary Clinton	douche	2016-10-10T02:40:00Z	0
Hillary Clinton	douche	2016-10-10T02:41:00Z	0
Hillary Clinton	douche	2016-10-10T02:42:00Z	1
Hillary Clinton	douche	2016-10-10T02:43:00Z	0
Hillary Clinton	douche	2016-10-10T02:44:00Z	0
Hillary Clinton	douche	2016-10-10T02:45:00Z	0
Hillary Clinton	fuck	2016-10-10T00:45:00Z	7
Hillary Clinton	fuck	2016-10-10T00:46:00Z	2
Hillary Clinton	fuck	2016-10-10T00:47:00Z	4
Hillary Clinton	fuck	2016-10-10T00:48:00Z	4
Hillary Clinton	fuck	2016-10-10T00:49:00Z	4
Hillary Clinton	fuck	2016-10-10T00:50:00Z	0
Hillary Clinton	fuck	2016-10-10T00:51:00Z	2
Hillary Clinton	fuck	2016-10-10T00:52:00Z	3
Hillary Clinton	fuck	2016-10-10T00:53:00Z	1
Hillary Clinton	fuck	2016-10-10T00:54:00Z	3
Hillary Clinton	fuck	2016-10-10T00:55:00Z	2
Hillary Clinton	fuck	2016-10-10T00:56:00Z	10
Hillary Clinton	fuck	2016-10-10T00:57:00Z	2
Hillary Clinton	fuck	2016-10-10T00:58:00Z	6
Hillary Clinton	fuck	2016-10-10T00:59:00Z	5
Hillary Clinton	fuck	2016-10-10T01:00:00Z	4
Hillary Clinton	fuck	2016-10-10T01:01:00Z	2
Hillary Clinton	fuck	2016-10-10T01:02:00Z	5
Hillary Clinton	fuck	2016-10-10T01:03:00Z	3
Hillary Clinton	fuck	2016-10-10T01:04:00Z	4
Hillary Clinton	fuck	2016-10-10T01:05:00Z	5
Hillary Clinton	fuck	2016-10-10T01:06:00Z	10
Hillary Clinton	fuck	2016-10-10T01:07:00Z	10
Hillary Clinton	fuck	2016-10-10T01:08:00Z	4
Hillary Clinton	fuck	2016-10-10T01:09:00Z	4
Hillary Clinton	fuck	2016-10-10T01:10:00Z	6
Hillary Clinton	fuck	2016-10-10T01:11:00Z	6
Hillary Clinton	fuck	2016-10-10T01:12:00Z	4
Hillary Clinton	fuck	2016-10-10T01:13:00Z	10
Hillary Clinton	fuck	2016-10-10T01:14:00Z	17
Hillary Clinton	fuck	2016-10-10T01:15:00Z	14
Hillary Clinton	fuck	2016-10-10T01:16:00Z	10
Hillary Clinton	fuck	2016-10-10T01:17:00Z	5
Hillary Clinton	fuck	2016-10-10T01:18:00Z	19
Hillary Clinton	fuck	2016-10-10T01:19:00Z	17
Hillary Clinton	fuck	2016-10-10T01:20:00Z	10
Hillary Clinton	fuck	2016-10-10T01:21:00Z	55
Hillary Clinton	fuck	2016-10-10T01:22:00Z	17
Hillary Clinton	fuck	2016-10-10T01:23:00Z	14
Hillary Clinton	fuck	2016-10-10T01:24:00Z	19
Hillary Clinton	fuck	2016-10-10T01:25:00Z	26
Hillary Clinton	fuck	2016-10-10T01:26:00Z	39
Hillary Clinton	fuck	2016-10-10T01:27:00Z	33
Hillary Clinton	fuck	2016-10-10T01:28:00Z	29
Hillary Clinton	fuck	2016-10-10T01:29:00Z	20
Hillary Clinton	fuck	2016-10-10T01:30:00Z	20
Hillary Clinton	fuck	2016-10-10T01:31:00Z	11
Hillary Clinton	fuck	2016-10-10T01:32:00Z	9
Hillary Clinton	fuck	2016-10-10T01:33:00Z	12
Hillary Clinton	fuck	2016-10-10T01:34:00Z	6
Hillary Clinton	fuck	2016-10-10T01:35:00Z	8
Hillary Clinton	fuck	2016-10-10T01:36:00Z	9
Hillary Clinton	fuck	2016-10-10T01:37:00Z	8
Hillary Clinton	fuck	2016-10-10T01:38:00Z	9
Hillary Clinton	fuck	2016-10-10T01:39:00Z	4
Hillary Clinton	fuck	2016-10-10T01:40:00Z	3
Hillary Clinton	fuck	2016-10-10T01:41:00Z	8
Hillary Clinton	fuck	2016-10-10T01:42:00Z	2
Hillary Clinton	fuck	2016-10-10T01:43:00Z	6
Hillary Clinton	fuck	2016-10-10T01:44:00Z	7
Hillary Clinton	fuck	2016-10-10T01:45:00Z	8
Hillary Clinton	fuck	2016-10-10T01:46:00Z	7
Hillary Clinton	fuck	2016-10-10T01:47:00Z	1
Hillary Clinton	fuck	2016-10-10T01:48:00Z	9
Hillary Clinton	fuck	2016-10-10T01:49:00Z	5
Hillary Clinton	fuck	2016-10-10T01:50:00Z	8
Hillary Clinton	fuck	2016-10-10T01:51:00Z	6
Hillary Clinton	fuck	2016-10-10T01:52:00Z	5
Hillary Clinton	fuck	2016-10-10T01:53:00Z	1
Hillary Clinton	fuck	2016-10-10T01:54:00Z	12
Hillary Clinton	fuck	2016-10-10T01:55:00Z	3
Hillary Clinton	fuck	2016-10-10T01:56:00Z	7
Hillary Clinton	fuck	2016-10-10T01:57:00Z	4
Hillary Clinton	fuck	2016-10-10T01:58:00Z	9
Hillary Clinton	fuck	2016-10-10T01:59:00Z	7
Hillary Clinton	fuck	2016-10-10T02:00:00Z	4
Hillary Clinton	fuck	2016-10-10T02:01:00Z	5
Hillary Clinton	fuck	2016-10-10T02:02:00Z	4
Hillary Clinton	fuck	2016-10-10T02:03:00Z	7
Hillary Clinton	fuck	2016-10-10T02:04:00Z	4
Hillary Clinton	fuck	2016-10-10T02:05:00Z	4
Hillary Clinton	fuck	2016-10-10T02:06:00Z	5
Hillary Clinton	fuck	2016-10-10T02:07:00Z	7
Hillary Clinton	fuck	2016-10-10T02:08:00Z	4
Hillary Clinton	fuck	2016-10-10T02:09:00Z	12
Hillary Clinton	fuck	2016-10-10T02:10:00Z	8
Hillary Clinton	fuck	2016-10-10T02:11:00Z	3
Hillary Clinton	fuck	2016-10-10T02:12:00Z	4
Hillary Clinton	fuck	2016-10-10T02:13:00Z	7
Hillary Clinton	fuck	2016-10-10T02:14:00Z	9
Hillary Clinton	fuck	2016-10-10T02:15:00Z	6
Hillary Clinton	fuck	2016-10-10T02:16:00Z	4
Hillary Clinton	fuck	2016-10-10T02:17:00Z	3
Hillary Clinton	fuck	2016-10-10T02:18:00Z	2
Hillary Clinton	fuck	2016-10-10T02:19:00Z	4
Hillary Clinton	fuck	2016-10-10T02:20:00Z	9
Hillary Clinton	fuck	2016-10-10T02:21:00Z	5
Hillary Clinton	fuck	2016-10-10T02:22:00Z	4
Hillary Clinton	fuck	2016-10-10T02:23:00Z	4
Hillary Clinton	fuck	2016-10-10T02:24:00Z	4
Hillary Clinton	fuck	2016-10-10T02:25:00Z	2
Hillary Clinton	fuck	2016-10-10T02:26:00Z	6
Hillary Clinton	fuck	2016-10-10T02:27:00Z	5
Hillary Clinton	fuck	2016-10-10T02:28:00Z	3
Hillary Clinton	fuck	2016-10-10T02:29:00Z	3
Hillary Clinton	fuck	2016-10-10T02:30:00Z	2
Hillary Clinton	fuck	2016-10-10T02:31:00Z	5
Hillary Clinton	fuck	2016-10-10T02:32:00Z	3
Hillary Clinton	fuck	2016-10-10T02:33:00Z	2
Hillary Clinton	fuck	2016-10-10T02:34:00Z	9
Hillary Clinton	fuck	2016-10-10T02:35:00Z	5
Hillary Clinton	fuck	2016-10-10T02:36:00Z	7
Hillary Clinton	fuck	2016-10-10T02:37:00Z	6
Hillary Clinton	fuck	2016-10-10T02:38:00Z	1
Hillary Clinton	fuck	2016-10-10T02:39:00Z	0
Hillary Clinton	fuck	2016-10-10T02:40:00Z	3
Hillary Clinton	fuck	2016-10-10T02:41:00Z	4
Hillary Clinton	fuck	2016-10-10T02:42:00Z	3
Hillary Clinton	fuck	2016-10-10T02:43:00Z	6
Hillary Clinton	fuck	2016-10-10T02:44:00Z	3
Hillary Clinton	fuck	2016-10-10T02:45:00Z	0
Hillary Clinton	shit	2016-10-10T00:45:00Z	4
Hillary Clinton	shit	2016-10-10T00:46:00Z	2
Hillary Clinton	shit	2016-10-10T00:47:00Z	5
Hillary Clinton	shit	2016-10-10T00:48:00Z	5
Hillary Clinton	shit	2016-10-10T00:49:00Z	2
Hillary Clinton	shit	2016-10-10T00:50:00Z	5
Hillary Clinton	shit	2016-10-10T00:51:00Z	7
Hillary Clinton	shit	2016-10-10T00:52:00Z	1
Hillary Clinton	shit	2016-10-10T00:53:00Z	5
Hillary Clinton	shit	2016-10-10T00:54:00Z	3
Hillary Clinton	shit	2016-10-10T00:55:00Z	3
Hillary Clinton	shit	2016-10-10T00:56:00Z	4
Hillary Clinton	shit	2016-10-10T00:57:00Z	2
Hillary Clinton	shit	2016-10-10T00:58:00Z	6
Hillary Clinton	shit	2016-10-10T00:59:00Z	4
Hillary Clinton	shit	2016-10-10T01:00:00Z	0
Hillary Clinton	shit	2016-10-10T01:01:00Z	3
Hillary Clinton	shit	2016-10-10T01:02:00Z	3
Hillary Clinton	shit	2016-10-10T01:03:00Z	4
Hillary Clinton	shit	2016-10-10T01:04:00Z	4
Hillary Clinton	shit	2016-10-10T01:05:00Z	6
Hillary Clinton	shit	2016-10-10T01:06:00Z	8
Hillary Clinton	shit	2016-10-10T01:07:00Z	8
Hillary Clinton	shit	2016-10-10T01:08:00Z	5
Hillary Clinton	shit	2016-10-10T01:09:00Z	4
Hillary Clinton	shit	2016-10-10T01:10:00Z	3
Hillary Clinton	shit	2016-10-10T01:11:00Z	2
Hillary Clinton	shit	2016-10-10T01:12:00Z	4
Hillary Clinton	shit	2016-10-10T01:13:00Z	3
Hillary Clinton	shit	2016-10-10T01:14:00Z	7
Hillary Clinton	shit	2016-10-10T01:15:00Z	3
Hillary Clinton	shit	2016-10-10T01:16:00Z	6
Hillary Clinton	shit	2016-10-10T01:17:00Z	4
Hillary Clinton	shit	2016-10-10T01:18:00Z	7
Hillary Clinton	shit	2016-10-10T01:19:00Z	7
Hillary Clinton	shit	2016-10-10T01:20:00Z	14
Hillary Clinton	shit	2016-10-10T01:21:00Z	13
Hillary Clinton	shit	2016-10-10T01:22:00Z	18
Hillary Clinton	shit	2016-10-10T01:23:00Z	13
Hillary Clinton	shit	2016-10-10T01:24:00Z	12
Hillary Clinton	shit	2016-10-10T01:25:00Z	18
Hillary Clinton	shit	2016-10-10T01:26:00Z	40
Hillary Clinton	shit	2016-10-10T01:27:00Z	24
Hillary Clinton	shit	2016-10-10T01:28:00Z	17
Hillary Clinton	shit	2016-10-10T01:29:00Z	20
Hillary Clinton	shit	2016-10-10T01:30:00Z	11
Hillary Clinton	shit	2016-10-10T01:31:00Z	4
Hillary Clinton	shit	2016-10-10T01:32:00Z	11
Hillary Clinton	shit	2016-10-10T01:33:00Z	7
Hillary Clinton	shit	2016-10-10T01:34:00Z	6
Hillary Clinton	shit	2016-10-10T01:35:00Z	4
Hillary Clinton	shit	2016-10-10T01:36:00Z	5
Hillary Clinton	shit	2016-10-10T01:37:00Z	6
Hillary Clinton	shit	2016-10-10T01:38:00Z	6
Hillary Clinton	shit	2016-10-10T01:39:00Z	2
Hillary Clinton	shit	2016-10-10T01:40:00Z	3
Hillary Clinton	shit	2016-10-10T01:41:00Z	3
Hillary Clinton	shit	2016-10-10T01:42:00Z	1
Hillary Clinton	shit	2016-10-10T01:43:00Z	4
Hillary Clinton	shit	2016-10-10T01:44:00Z	2
Hillary Clinton	shit	2016-10-10T01:45:00Z	5
Hillary Clinton	shit	2016-10-10T01:46:00Z	5
Hillary Clinton	shit	2016-10-10T01:47:00Z	2
Hillary Clinton	shit	2016-10-10T01:48:00Z	6
Hillary Clinton	shit	2016-10-10T01:49:00Z	10
Hillary Clinton	shit	2016-10-10T01:50:00Z	12
Hillary Clinton	shit	2016-10-10T01:51:00Z	10
Hillary Clinton	shit	2016-10-10T01:52:00Z	4
Hillary Clinton	shit	2016-10-10T01:53:00Z	3
Hillary Clinton	shit	2016-10-10T01:54:00Z	8
Hillary Clinton	shit	2016-10-10T01:55:00Z	1
Hillary Clinton	shit	2016-10-10T01:56:00Z	7
Hillary Clinton	shit	2016-10-10T01:57:00Z	6
Hillary Clinton	shit	2016-10-10T01:58:00Z	10
Hillary Clinton	shit	2016-10-10T01:59:00Z	0
Hillary Clinton	shit	2016-10-10T02:00:00Z	2
Hillary Clinton	shit	2016-10-10T02:01:00Z	2
Hillary Clinton	shit	2016-10-10T02:02:00Z	10
Hillary Clinton	shit	2016-10-10T02:03:00Z	4
Hillary Clinton	shit	2016-10-10T02:04:00Z	6
Hillary Clinton	shit	2016-10-10T02:05:00Z	2
Hillary Clinton	shit	2016-10-10T02:06:00Z	2
Hillary Clinton	shit	2016-10-10T02:07:00Z	7
Hillary Clinton	shit	2016-10-10T02:08:00Z	2
Hillary Clinton	shit	2016-10-10T02:09:00Z	2
Hillary Clinton	shit	2016-10-10T02:10:00Z	4
Hillary Clinton	shit	2016-10-10T02:11:00Z	0
Hillary Clinton	shit	2016-10-10T02:12:00Z	2
Hillary Clinton	shit	2016-10-10T02:13:00Z	4
Hillary Clinton	shit	2016-10-10T02:14:00Z	7
Hillary Clinton	shit	2016-10-10T02:15:00Z	4
Hillary Clinton	shit	2016-10-10T02:16:00Z	4
Hillary Clinton	shit	2016-10-10T02:17:00Z	8
Hillary Clinton	shit	2016-10-10T02:18:00Z	6
Hillary Clinton	shit	2016-10-10T02:19:00Z	5
Hillary Clinton	shit	2016-10-10T02:20:00Z	7
Hillary Clinton	shit	2016-10-10T02:21:00Z	8
Hillary Clinton	shit	2016-10-10T02:22:00Z	4
Hillary Clinton	shit	2016-10-10T02:23:00Z	3
Hillary Clinton	shit	2016-10-10T02:24:00Z	5
Hillary Clinton	shit	2016-10-10T02:25:00Z	2
Hillary Clinton	shit	2016-10-10T02:26:00Z	2
Hillary Clinton	shit	2016-10-10T02:27:00Z	5
Hillary Clinton	shit	2016-10-10T02:28:00Z	4
Hillary Clinton	shit	2016-10-10T02:29:00Z	4
Hillary Clinton	shit	2016-10-10T02:30:00Z	6
Hillary Clinton	shit	2016-10-10T02:31:00Z	3
Hillary Clinton	shit	2016-10-10T02:32:00Z	6
Hillary Clinton	shit	2016-10-10T02:33:00Z	4
Hillary Clinton	shit	2016-10-10T02:34:00Z	7
Hillary Clinton	shit	2016-10-10T02:35:00Z	8
Hillary Clinton	shit	2016-10-10T02:36:00Z	2
Hillary Clinton	shit	2016-10-10T02:37:00Z	5
Hillary Clinton	shit	2016-10-10T02:38:00Z	5
Hillary Clinton	shit	2016-10-10T02:39:00Z	4
Hillary Clinton	shit	2016-10-10T02:40:00Z	3
Hillary Clinton	shit	2016-10-10T02:41:00Z	4
Hillary Clinton	shit	2016-10-10T02:42:00Z	2
Hillary Clinton	shit	2016-10-10T02:43:00Z	3
Hillary Clinton	shit	2016-10-10T02:44:00Z	4
Hillary Clinton	shit	2016-10-10T02:45:00Z	0
